reporting_month,reporting_date,brand,wallet_type,check_name,revenue_status,epm_status,overall_status,latest_run_timestamp,revenue_first_failed_at,revenue_resolved_at,revenue_failure_lifecycle,revenue_resolution_minutes,epm_first_failed_at,epm_resolved_at,epm_failure_lifecycle,epm_resolution_minutes
2026-03-01,2026-03-07,SBT,ALL,SBT_INTERNAL BALANCES TO 0,PASS,PASS,PASS,2026-04-06T22:14:14.253Z,null,null,NEVER_FAILED,null,null,null,NEVER_FAILED,null
2026-03-01,2026-03-07,SBT,ALL,SBT_MANUAL BALANCES TO 0,PASS,PASS,PASS,2026-04-06T22:14:14.253Z,null,null,NEVER_FAILED,null,null,null,NEVER_FAILED,null
2026-03-01,2026-03-07,SBT,ALL,SBT_PAYMENT BALANCES TO 0,PASS,PASS,PASS,2026-04-06T22:14:14.253Z,null,null,NEVER_FAILED,null,null,null,NEVER_FAILED,null
2026-03-01,2026-03-07,SBT,ALL,SBT_SPORTSBOOK BALANCES TO 0,PASS,PASS,PASS,2026-04-06T22:14:14.253Z,null,null,NEVER_FAILED,null,null,null,NEVER_FAILED,null
2026-03-01,2026-03-07,SBT,ALL,SBT_WALLET BALANCES TO 0,PASS,PASS,PASS,2026-04-06T22:14:14.253Z,null,null,NEVER_FAILED,null,null,null,NEVER_FAILED,null
2026-03-01,2026-03-07,SBT,CASH,CUSTOMER BALANCES CASH,PASS,PASS,PASS,2026-04-06T22:14:14.253Z,null,null,NEVER_FAILED,null,null,null,NEVER_FAILED,null
2026-03-01,2026-03-07,SBT,CASH,DEPOSIT CONTROL DEPOSIT CASH,PASS,PASS,PASS,2026-04-06T22:14:14.253Z,null,null,NEVER_FAILED,null,null,null,NEVER_FAILED,null
2026-03-01,2026-03-07,SBT,CASH,MANUAL CONTROL,PASS,PASS,PASS,2026-04-06T22:14:14.253Z,null,null,NEVER_FAILED,null,null,null,NEVER_FAILED,null
2026-03-01,2026-03-07,SBT,CASH,OPEN BETS CASH,PASS,PASS,PASS,2026-04-06T22:14:14.253Z,null,null,NEVER_FAILED,null,null,null,NEVER_FAILED,null
2026-03-01,2026-03-07,SBT,CASH,SBT_BALANCE CUSTOMER BALANCES EXPECTED ROWCOUNT,PASS,PASS,PASS,2026-04-06T22:14:14.253Z,null,null,NEVER_FAILED,null,null,null,NEVER_FAILED,null
2026-03-01,2026-03-07,SBT,CASH,SPORTS CONTROL PAYOUT CASH,PASS,PASS,PASS,2026-04-06T22:14:14.253Z,null,null,NEVER_FAILED,null,null,null,NEVER_FAILED,null
2026-03-01,2026-03-07,SBT,CASH,SPORTS CONTROL PAYOUT REVERSAL CASH,PASS,PASS,PASS,2026-04-06T22:14:14.253Z,null,null,NEVER_FAILED,null,null,null,NEVER_FAILED,null
2026-03-01,2026-03-07,SBT,CASH,SPORTS CONTROL PLACED STAKE CASH,PASS,PASS,PASS,2026-04-06T22:14:14.253Z,null,null,NEVER_FAILED,null,null,null,NEVER_FAILED,null
2026-03-01,2026-03-07,SBT,CASH,SPORTS CONTROL STAKE REFUND CASH,PASS,PASS,PASS,2026-04-06T22:14:14.253Z,null,null,NEVER_FAILED,null,null,null,NEVER_FAILED,null
2026-03-01,2026-03-07,SBT,CASH,WITHDRAWAL CONTROL,PASS,PASS,PASS,2026-04-06T22:14:14.253Z,null,null,NEVER_FAILED,null,null,null,NEVER_FAILED,null
2026-03-01,2026-03-08,SBT,ALL,SBT_MANUAL BALANCES TO 0,PASS,PASS,PASS,2026-04-06T22:14:14.253Z,null,null,NEVER_FAILED,null,null,null,NEVER_FAILED,null
2026-03-01,2026-03-08,SBT,ALL,SBT_PAYMENT BALANCES TO 0,PASS,PASS,PASS,2026-04-06T22:14:14.253Z,null,null,NEVER_FAILED,null,null,null,NEVER_FAILED,null
2026-03-01,2026-03-08,SBT,ALL,SBT_SPORTSBOOK BALANCES TO 0,PASS,PASS,PASS,2026-04-06T22:14:14.253Z,null,null,NEVER_FAILED,null,null,null,NEVER_FAILED,null
2026-03-01,2026-03-08,SBT,ALL,SBT_WALLET BALANCES TO 0,PASS,PASS,PASS,2026-04-06T22:14:14.253Z,null,null,NEVER_FAILED,null,null,null,NEVER_FAILED,null
2026-03-01,2026-03-08,SBT,CASH,CUSTOMER BALANCES CASH,PASS,PASS,PASS,2026-04-06T22:14:14.253Z,null,null,NEVER_FAILED,null,null,null,NEVER_FAILED,null
2026-03-01,2026-03-08,SBT,CASH,DEPOSIT CONTROL DEPOSIT CASH,PASS,PASS,PASS,2026-04-06T22:14:14.253Z,null,null,NEVER_FAILED,null,null,null,NEVER_FAILED,null
2026-03-01,2026-03-08,SBT,CASH,MANUAL CONTROL,PASS,PASS,PASS,2026-04-06T22:14:14.253Z,null,null,NEVER_FAILED,null,null,null,NEVER_FAILED,null
2026-03-01,2026-03-08,SBT,CASH,OPEN BETS CASH,PASS,PASS,PASS,2026-04-06T22:14:14.253Z,null,null,NEVER_FAILED,null,null,null,NEVER_FAILED,null
2026-03-01,2026-03-08,SBT,CASH,SBT_BALANCE CUSTOMER BALANCES EXPECTED ROWCOUNT,PASS,PASS,PASS,2026-04-06T22:14:14.253Z,null,null,NEVER_FAILED,null,null,null,NEVER_FAILED,null
2026-03-01,2026-03-08,SBT,CASH,SPORTS CONTROL PAYOUT CASH,PASS,PASS,PASS,2026-04-06T22:14:14.253Z,null,null,NEVER_FAILED,null,null,null,NEVER_FAILED,null
2026-03-01,2026-03-08,SBT,CASH,SPORTS CONTROL PAYOUT REVERSAL CASH,PASS,PASS,PASS,2026-04-06T22:14:14.253Z,null,null,NEVER_FAILED,null,null,null,NEVER_FAILED,null
2026-03-01,2026-03-08,SBT,CASH,SPORTS CONTROL PLACED STAKE CASH,PASS,PASS,PASS,2026-04-06T22:14:14.253Z,null,null,NEVER_FAILED,null,null,null,NEVER_FAILED,null
2026-03-01,2026-03-08,SBT,CASH,SPORTS CONTROL STAKE REFUND CASH,PASS,PASS,PASS,2026-04-06T22:14:14.253Z,null,null,NEVER_FAILED,null,null,null,NEVER_FAILED,null
2026-03-01,2026-03-08,SBT,CASH,WITHDRAWAL CONTROL,PASS,PASS,PASS,2026-04-06T22:14:14.253Z,null,null,NEVER_FAILED,null,null,null,NEVER_FAILED,null
2026-03-01,2026-03-09,SBT,ALL,SBT_INTERNAL BALANCES TO 0,PASS,PASS,PASS,2026-04-06T22:14:14.253Z,null,null,NEVER_FAILED,null,null,null,NEVER_FAILED,null
2026-03-01,2026-03-09,SBT,ALL,SBT_MANUAL BALANCES TO 0,PASS,PASS,PASS,2026-04-06T22:14:14.253Z,null,null,NEVER_FAILED,null,null,null,NEVER_FAILED,null
2026-03-01,2026-03-09,SBT,ALL,SBT_PAYMENT BALANCES TO 0,PASS,PASS,PASS,2026-04-06T22:14:14.253Z,null,null,NEVER_FAILED,null,null,null,NEVER_FAILED,null
2026-03-01,2026-03-09,SBT,ALL,SBT_SPORTSBOOK BALANCES TO 0,PASS,PASS,PASS,2026-04-06T22:14:14.253Z,null,null,NEVER_FAILED,null,null,null,NEVER_FAILED,null
2026-03-01,2026-03-09,SBT,ALL,SBT_WALLET BALANCES TO 0,PASS,PASS,PASS,2026-04-06T22:14:14.253Z,2026-03-09T22:13:17.208Z,2026-03-10T22:12:38.070Z,RESOLVED,1439,2026-03-09T22:13:17.208Z,2026-03-10T22:12:38.070Z,RESOLVED,1439
2026-03-01,2026-03-09,SBT,CASH,CUSTOMER BALANCES CASH,PASS,PASS,PASS,2026-04-06T22:14:14.253Z,2026-03-09T22:13:17.208Z,2026-03-10T22:12:38.070Z,RESOLVED,1439,2026-03-09T22:13:17.208Z,2026-03-10T22:12:38.070Z,RESOLVED,1439
2026-03-01,2026-03-09,SBT,CASH,DEPOSIT CONTROL DEPOSIT CASH,PASS,PASS,PASS,2026-04-06T22:14:14.253Z,null,null,NEVER_FAILED,null,null,null,NEVER_FAILED,null
2026-03-01,2026-03-09,SBT,CASH,MANUAL CONTROL,PASS,PASS,PASS,2026-04-06T22:14:14.253Z,null,null,NEVER_FAILED,null,null,null,NEVER_FAILED,null
2026-03-01,2026-03-09,SBT,CASH,OPEN BETS CASH,PASS,PASS,PASS,2026-04-06T22:14:14.253Z,null,null,NEVER_FAILED,null,null,null,NEVER_FAILED,null
2026-03-01,2026-03-09,SBT,CASH,SBT_BALANCE CUSTOMER BALANCES EXPECTED ROWCOUNT,PASS,PASS,PASS,2026-04-06T22:14:14.253Z,null,null,NEVER_FAILED,null,null,null,NEVER_FAILED,null
2026-03-01,2026-03-09,SBT,CASH,SPORTS CONTROL PAYOUT CASH,PASS,PASS,PASS,2026-04-06T22:14:14.253Z,null,null,NEVER_FAILED,null,null,null,NEVER_FAILED,null
2026-03-01,2026-03-09,SBT,CASH,SPORTS CONTROL PAYOUT REVERSAL CASH,PASS,PASS,PASS,2026-04-06T22:14:14.253Z,null,null,NEVER_FAILED,null,null,null,NEVER_FAILED,null
2026-03-01,2026-03-09,SBT,CASH,SPORTS CONTROL PLACED STAKE CASH,PASS,PASS,PASS,2026-04-06T22:14:14.253Z,null,null,NEVER_FAILED,null,null,null,NEVER_FAILED,null
2026-03-01,2026-03-09,SBT,CASH,SPORTS CONTROL STAKE REFUND CASH,PASS,PASS,PASS,2026-04-06T22:14:14.253Z,null,null,NEVER_FAILED,null,null,null,NEVER_FAILED,null
2026-03-01,2026-03-09,SBT,CASH,WITHDRAWAL CONTROL,PASS,PASS,PASS,2026-04-06T22:14:14.253Z,null,null,NEVER_FAILED,null,null,null,NEVER_FAILED,null
2026-03-01,2026-03-10,SBT,ALL,SBT_MANUAL BALANCES TO 0,PASS,PASS,PASS,2026-04-06T22:14:14.253Z,null,null,NEVER_FAILED,null,null,null,NEVER_FAILED,null
2026-03-01,2026-03-10,SBT,ALL,SBT_PAYMENT BALANCES TO 0,PASS,PASS,PASS,2026-04-06T22:14:14.253Z,null,null,NEVER_FAILED,null,null,null,NEVER_FAILED,null
2026-03-01,2026-03-10,SBT,ALL,SBT_SPORTSBOOK BALANCES TO 0,PASS,PASS,PASS,2026-04-06T22:14:14.253Z,null,null,NEVER_FAILED,null,null,null,NEVER_FAILED,null
2026-03-01,2026-03-10,SBT,ALL,SBT_WALLET BALANCES TO 0,PASS,PASS,PASS,2026-04-06T22:14:14.253Z,null,null,NEVER_FAILED,null,null,null,NEVER_FAILED,null
2026-03-01,2026-03-10,SBT,CASH,CUSTOMER BALANCES CASH,PASS,PASS,PASS,2026-04-06T22:14:14.253Z,null,null,NEVER_FAILED,null,null,null,NEVER_FAILED,null
2026-03-01,2026-03-10,SBT,CASH,DEPOSIT CONTROL DEPOSIT CASH,PASS,PASS,PASS,2026-04-06T22:14:14.253Z,null,null,NEVER_FAILED,null,null,null,NEVER_FAILED,null
2026-03-01,2026-03-10,SBT,CASH,MANUAL CONTROL,PASS,PASS,PASS,2026-04-06T22:14:14.253Z,null,null,NEVER_FAILED,null,null,null,NEVER_FAILED,null
2026-03-01,2026-03-10,SBT,CASH,OPEN BETS CASH,PASS,PASS,PASS,2026-04-06T22:14:14.253Z,null,null,NEVER_FAILED,null,null,null,NEVER_FAILED,null
2026-03-01,2026-03-10,SBT,CASH,SBT_BALANCE CUSTOMER BALANCES EXPECTED ROWCOUNT,PASS,PASS,PASS,2026-04-06T22:14:14.253Z,null,null,NEVER_FAILED,null,null,null,NEVER_FAILED,null
2026-03-01,2026-03-10,SBT,CASH,SPORTS CONTROL PAYOUT CASH,PASS,PASS,PASS,2026-04-06T22:14:14.253Z,null,null,NEVER_FAILED,null,null,null,NEVER_FAILED,null
2026-03-01,2026-03-10,SBT,CASH,SPORTS CONTROL PAYOUT REVERSAL CASH,PASS,PASS,PASS,2026-04-06T22:14:14.253Z,null,null,NEVER_FAILED,null,null,null,NEVER_FAILED,null
2026-03-01,2026-03-10,SBT,CASH,SPORTS CONTROL PLACED STAKE CASH,PASS,PASS,PASS,2026-04-06T22:14:14.253Z,null,null,NEVER_FAILED,null,null,null,NEVER_FAILED,null
2026-03-01,2026-03-10,SBT,CASH,SPORTS CONTROL STAKE REFUND CASH,PASS,PASS,PASS,2026-04-06T22:14:14.253Z,null,null,NEVER_FAILED,null,null,null,NEVER_FAILED,null
2026-03-01,2026-03-10,SBT,CASH,WITHDRAWAL CONTROL,PASS,PASS,PASS,2026-04-06T22:14:14.253Z,null,null,NEVER_FAILED,null,null,null,NEVER_FAILED,null
2026-03-01,2026-03-11,SBT,ALL,SBT_INTERNAL BALANCES TO 0,PASS,PASS,PASS,2026-04-06T22:14:14.253Z,null,null,NEVER_FAILED,null,null,null,NEVER_FAILED,null
2026-03-01,2026-03-11,SBT,ALL,SBT_MANUAL BALANCES TO 0,PASS,PASS,PASS,2026-04-06T22:14:14.253Z,null,null,NEVER_FAILED,null,null,null,NEVER_FAILED,null
2026-03-01,2026-03-11,SBT,ALL,SBT_PAYMENT BALANCES TO 0,PASS,PASS,PASS,2026-04-06T22:14:14.253Z,null,null,NEVER_FAILED,null,null,null,NEVER_FAILED,null
2026-03-01,2026-03-11,SBT,ALL,SBT_SPORTSBOOK BALANCES TO 0,PASS,PASS,PASS,2026-04-06T22:14:14.253Z,null,null,NEVER_FAILED,null,null,null,NEVER_FAILED,null
2026-03-01,2026-03-11,SBT,ALL,SBT_WALLET BALANCES TO 0,PASS,PASS,PASS,2026-04-06T22:14:14.253Z,2026-03-11T22:12:57.807Z,2026-03-12T22:14:40.314Z,RESOLVED,1441,2026-03-11T22:12:57.807Z,2026-03-12T22:14:40.314Z,RESOLVED,1441
2026-03-01,2026-03-11,SBT,CASH,CUSTOMER BALANCES CASH,PASS,PASS,PASS,2026-04-06T22:14:14.253Z,2026-03-11T15:48:06.132Z,2026-03-12T22:14:40.314Z,RESOLVED,1826,2026-03-11T15:48:06.132Z,2026-03-12T22:14:40.314Z,RESOLVED,1826
2026-03-01,2026-03-11,SBT,CASH,DEPOSIT CONTROL DEPOSIT CASH,PASS,PASS,PASS,2026-04-06T22:14:14.253Z,null,null,NEVER_FAILED,null,null,null,NEVER_FAILED,null
2026-03-01,2026-03-11,SBT,CASH,MANUAL CONTROL,PASS,PASS,PASS,2026-04-06T22:14:14.253Z,null,null,NEVER_FAILED,null,null,null,NEVER_FAILED,null
2026-03-01,2026-03-11,SBT,CASH,OPEN BETS CASH,PASS,PASS,PASS,2026-04-06T22:14:14.253Z,2026-03-11T15:48:06.132Z,2026-03-11T22:12:57.807Z,RESOLVED,384,2026-03-11T15:48:06.132Z,2026-03-11T22:12:57.807Z,RESOLVED,384
2026-03-01,2026-03-11,SBT,CASH,SBT_BALANCE CUSTOMER BALANCES EXPECTED ROWCOUNT,PASS,PASS,PASS,2026-04-06T22:14:14.253Z,null,null,NEVER_FAILED,null,null,null,NEVER_FAILED,null
2026-03-01,2026-03-11,SBT,CASH,SPORTS CONTROL PAYOUT CASH,PASS,PASS,PASS,2026-04-06T22:14:14.253Z,null,null,NEVER_FAILED,null,null,null,NEVER_FAILED,null
2026-03-01,2026-03-11,SBT,CASH,SPORTS CONTROL PAYOUT REVERSAL CASH,PASS,PASS,PASS,2026-04-06T22:14:14.253Z,null,null,NEVER_FAILED,null,null,null,NEVER_FAILED,null
2026-03-01,2026-03-11,SBT,CASH,SPORTS CONTROL PLACED STAKE CASH,PASS,PASS,PASS,2026-04-06T22:14:14.253Z,null,null,NEVER_FAILED,null,null,null,NEVER_FAILED,null
2026-03-01,2026-03-11,SBT,CASH,SPORTS CONTROL STAKE REFUND CASH,PASS,PASS,PASS,2026-04-06T22:14:14.253Z,null,null,NEVER_FAILED,null,null,null,NEVER_FAILED,null
2026-03-01,2026-03-11,SBT,CASH,WITHDRAWAL CONTROL,PASS,PASS,PASS,2026-04-06T22:14:14.253Z,2026-03-11T15:48:06.132Z,2026-03-11T22:12:57.807Z,RESOLVED,384,2026-03-11T15:48:06.132Z,2026-03-11T22:12:57.807Z,RESOLVED,384
2026-03-01,2026-03-12,SBT,ALL,SBT_INTERNAL BALANCES TO 0,PASS,PASS,PASS,2026-04-06T22:14:14.253Z,null,null,NEVER_FAILED,null,null,null,NEVER_FAILED,null
2026-03-01,2026-03-12,SBT,ALL,SBT_MANUAL BALANCES TO 0,PASS,PASS,PASS,2026-04-06T22:14:14.253Z,null,null,NEVER_FAILED,null,null,null,NEVER_FAILED,null
2026-03-01,2026-03-12,SBT,ALL,SBT_PAYMENT BALANCES TO 0,PASS,PASS,PASS,2026-04-06T22:14:14.253Z,null,null,NEVER_FAILED,null,null,null,NEVER_FAILED,null
2026-03-01,2026-03-12,SBT,ALL,SBT_SPORTSBOOK BALANCES TO 0,PASS,PASS,PASS,2026-04-06T22:14:14.253Z,null,null,NEVER_FAILED,null,null,null,NEVER_FAILED,null
2026-03-01,2026-03-12,SBT,ALL,SBT_WALLET BALANCES TO 0,PASS,PASS,PASS,2026-04-06T22:14:14.253Z,2026-03-12T22:14:40.314Z,2026-03-13T22:13:54.496Z,RESOLVED,1439,2026-03-12T22:14:40.314Z,2026-03-13T22:13:54.496Z,RESOLVED,1439
2026-03-01,2026-03-12,SBT,CASH,CUSTOMER BALANCES CASH,PASS,PASS,PASS,2026-04-06T22:14:14.253Z,null,null,NEVER_FAILED,null,null,null,NEVER_FAILED,null
2026-03-01,2026-03-12,SBT,CASH,DEPOSIT CONTROL DEPOSIT CASH,PASS,PASS,PASS,2026-04-06T22:14:14.253Z,null,null,NEVER_FAILED,null,null,null,NEVER_FAILED,null
2026-03-01,2026-03-12,SBT,CASH,MANUAL CONTROL,PASS,PASS,PASS,2026-04-06T22:14:14.253Z,null,null,NEVER_FAILED,null,null,null,NEVER_FAILED,null
2026-03-01,2026-03-12,SBT,CASH,OPEN BETS CASH,PASS,PASS,PASS,2026-04-06T22:14:14.253Z,2026-03-12T22:14:40.314Z,2026-03-13T22:13:54.496Z,RESOLVED,1439,2026-03-12T22:14:40.314Z,2026-03-13T22:13:54.496Z,RESOLVED,1439
2026-03-01,2026-03-12,SBT,CASH,SBT_BALANCE CUSTOMER BALANCES EXPECTED ROWCOUNT,PASS,PASS,PASS,2026-04-06T22:14:14.253Z,null,null,NEVER_FAILED,null,null,null,NEVER_FAILED,null
2026-03-01,2026-03-12,SBT,CASH,SPORTS CONTROL PAYOUT CASH,PASS,PASS,PASS,2026-04-06T22:14:14.253Z,null,null,NEVER_FAILED,null,null,null,NEVER_FAILED,null
2026-03-01,2026-03-12,SBT,CASH,SPORTS CONTROL PAYOUT REVERSAL CASH,PASS,PASS,PASS,2026-04-06T22:14:14.253Z,null,null,NEVER_FAILED,null,null,null,NEVER_FAILED,null
2026-03-01,2026-03-12,SBT,CASH,SPORTS CONTROL PLACED STAKE CASH,PASS,PASS,PASS,2026-04-06T22:14:14.253Z,null,null,NEVER_FAILED,null,null,null,NEVER_FAILED,null
2026-03-01,2026-03-12,SBT,CASH,SPORTS CONTROL STAKE REFUND CASH,PASS,PASS,PASS,2026-04-06T22:14:14.253Z,null,null,NEVER_FAILED,null,null,null,NEVER_FAILED,null
2026-03-01,2026-03-12,SBT,CASH,WITHDRAWAL CONTROL,PASS,PASS,PASS,2026-04-06T22:14:14.253Z,null,null,NEVER_FAILED,null,null,null,NEVER_FAILED,null
2026-03-01,2026-03-13,SBT,ALL,SBT_INTERNAL BALANCES TO 0,PASS,PASS,PASS,2026-04-06T22:14:14.253Z,null,null,NEVER_FAILED,null,null,null,NEVER_FAILED,null
2026-03-01,2026-03-13,SBT,ALL,SBT_MANUAL BALANCES TO 0,PASS,PASS,PASS,2026-04-06T22:14:14.253Z,null,null,NEVER_FAILED,null,null,null,NEVER_FAILED,null
2026-03-01,2026-03-13,SBT,ALL,SBT_PAYMENT BALANCES TO 0,PASS,PASS,PASS,2026-04-06T22:14:14.253Z,null,null,NEVER_FAILED,null,null,null,NEVER_FAILED,null
2026-03-01,2026-03-13,SBT,ALL,SBT_SPORTSBOOK BALANCES TO 0,PASS,PASS,PASS,2026-04-06T22:14:14.253Z,null,null,NEVER_FAILED,null,null,null,NEVER_FAILED,null
2026-03-01,2026-03-13,SBT,ALL,SBT_WALLET BALANCES TO 0,PASS,PASS,PASS,2026-04-06T22:14:14.253Z,null,null,NEVER_FAILED,null,null,null,NEVER_FAILED,null
2026-03-01,2026-03-13,SBT,CASH,CUSTOMER BALANCES CASH,PASS,PASS,PASS,2026-04-06T22:14:14.253Z,null,null,NEVER_FAILED,null,null,null,NEVER_FAILED,null
2026-03-01,2026-03-13,SBT,CASH,DEPOSIT CONTROL DEPOSIT CASH,PASS,PASS,PASS,2026-04-06T22:14:14.253Z,null,null,NEVER_FAILED,null,null,null,NEVER_FAILED,null
2026-03-01,2026-03-13,SBT,CASH,MANUAL CONTROL,PASS,PASS,PASS,2026-04-06T22:14:14.253Z,null,null,NEVER_FAILED,null,null,null,NEVER_FAILED,null
2026-03-01,2026-03-13,SBT,CASH,OPEN BETS CASH,PASS,PASS,PASS,2026-04-06T22:14:14.253Z,null,null,NEVER_FAILED,null,null,null,NEVER_FAILED,null
2026-03-01,2026-03-13,SBT,CASH,SBT_BALANCE CUSTOMER BALANCES EXPECTED ROWCOUNT,PASS,PASS,PASS,2026-04-06T22:14:14.253Z,null,null,NEVER_FAILED,null,null,null,NEVER_FAILED,null
2026-03-01,2026-03-13,SBT,CASH,SPORTS CONTROL PAYOUT CASH,PASS,PASS,PASS,2026-04-06T22:14:14.253Z,null,null,NEVER_FAILED,null,null,null,NEVER_FAILED,null
2026-03-01,2026-03-13,SBT,CASH,SPORTS CONTROL PAYOUT REVERSAL CASH,PASS,PASS,PASS,2026-04-06T22:14:14.253Z,null,null,NEVER_FAILED,null,null,null,NEVER_FAILED,null
2026-03-01,2026-03-13,SBT,CASH,SPORTS CONTROL PLACED STAKE CASH,PASS,PASS,PASS,2026-04-06T22:14:14.253Z,null,null,NEVER_FAILED,null,null,null,NEVER_FAILED,null
2026-03-01,2026-03-13,SBT,CASH,SPORTS CONTROL STAKE REFUND CASH,PASS,PASS,PASS,2026-04-06T22:14:14.253Z,null,null,NEVER_FAILED,null,null,null,NEVER_FAILED,null
2026-03-01,2026-03-13,SBT,CASH,WITHDRAWAL CONTROL,PASS,PASS,PASS,2026-04-06T22:14:14.253Z,null,null,NEVER_FAILED,null,null,null,NEVER_FAILED,null
2026-03-01,2026-03-14,SBT,ALL,SBT_INTERNAL BALANCES TO 0,PASS,PASS,PASS,2026-04-06T22:14:14.253Z,null,null,NEVER_FAILED,null,null,null,NEVER_FAILED,null
2026-03-01,2026-03-14,SBT,ALL,SBT_MANUAL BALANCES TO 0,PASS,PASS,PASS,2026-04-06T22:14:14.253Z,null,null,NEVER_FAILED,null,null,null,NEVER_FAILED,null
2026-03-01,2026-03-14,SBT,ALL,SBT_PAYMENT BALANCES TO 0,PASS,PASS,PASS,2026-04-06T22:14:14.253Z,null,null,NEVER_FAILED,null,null,null,NEVER_FAILED,null
2026-03-01,2026-03-14,SBT,ALL,SBT_SPORTSBOOK BALANCES TO 0,PASS,PASS,PASS,2026-04-06T22:14:14.253Z,null,null,NEVER_FAILED,null,null,null,NEVER_FAILED,null
2026-03-01,2026-03-14,SBT,ALL,SBT_WALLET BALANCES TO 0,PASS,PASS,PASS,2026-04-06T22:14:14.253Z,null,null,NEVER_FAILED,null,null,null,NEVER_FAILED,null
2026-03-01,2026-03-14,SBT,CASH,CUSTOMER BALANCES CASH,PASS,PASS,PASS,2026-04-06T22:14:14.253Z,null,null,NEVER_FAILED,null,null,null,NEVER_FAILED,null
2026-03-01,2026-03-14,SBT,CASH,DEPOSIT CONTROL DEPOSIT CASH,PASS,PASS,PASS,2026-04-06T22:14:14.253Z,null,null,NEVER_FAILED,null,null,null,NEVER_FAILED,null
2026-03-01,2026-03-14,SBT,CASH,MANUAL CONTROL,PASS,PASS,PASS,2026-04-06T22:14:14.253Z,null,null,NEVER_FAILED,null,null,null,NEVER_FAILED,null
2026-03-01,2026-03-14,SBT,CASH,OPEN BETS CASH,PASS,PASS,PASS,2026-04-06T22:14:14.253Z,null,null,NEVER_FAILED,null,null,null,NEVER_FAILED,null
2026-03-01,2026-03-14,SBT,CASH,SBT_BALANCE CUSTOMER BALANCES EXPECTED ROWCOUNT,PASS,PASS,PASS,2026-04-06T22:14:14.253Z,null,null,NEVER_FAILED,null,null,null,NEVER_FAILED,null
2026-03-01,2026-03-14,SBT,CASH,SPORTS CONTROL PAYOUT CASH,PASS,PASS,PASS,2026-04-06T22:14:14.253Z,null,null,NEVER_FAILED,null,null,null,NEVER_FAILED,null
2026-03-01,2026-03-14,SBT,CASH,SPORTS CONTROL PAYOUT REVERSAL CASH,PASS,PASS,PASS,2026-04-06T22:14:14.253Z,null,null,NEVER_FAILED,null,null,null,NEVER_FAILED,null
2026-03-01,2026-03-14,SBT,CASH,SPORTS CONTROL PLACED STAKE CASH,PASS,PASS,PASS,2026-04-06T22:14:14.253Z,null,null,NEVER_FAILED,null,null,null,NEVER_FAILED,null
2026-03-01,2026-03-14,SBT,CASH,SPORTS CONTROL STAKE REFUND CASH,PASS,PASS,PASS,2026-04-06T22:14:14.253Z,null,null,NEVER_FAILED,null,null,null,NEVER_FAILED,null
2026-03-01,2026-03-14,SBT,CASH,WITHDRAWAL CONTROL,PASS,PASS,PASS,2026-04-06T22:14:14.253Z,null,null,NEVER_FAILED,null,null,null,NEVER_FAILED,null
2026-03-01,2026-03-15,SBT,ALL,SBT_MANUAL BALANCES TO 0,PASS,PASS,PASS,2026-04-06T22:14:14.253Z,null,null,NEVER_FAILED,null,null,null,NEVER_FAILED,null
2026-03-01,2026-03-15,SBT,ALL,SBT_PAYMENT BALANCES TO 0,PASS,PASS,PASS,2026-04-06T22:14:14.253Z,null,null,NEVER_FAILED,null,null,null,NEVER_FAILED,null
2026-03-01,2026-03-15,SBT,ALL,SBT_SPORTSBOOK BALANCES TO 0,PASS,PASS,PASS,2026-04-06T22:14:14.253Z,null,null,NEVER_FAILED,null,null,null,NEVER_FAILED,null
2026-03-01,2026-03-15,SBT,ALL,SBT_WALLET BALANCES TO 0,PASS,PASS,PASS,2026-04-06T22:14:14.253Z,null,null,NEVER_FAILED,null,null,null,NEVER_FAILED,null
2026-03-01,2026-03-15,SBT,CASH,CUSTOMER BALANCES CASH,PASS,PASS,PASS,2026-04-06T22:14:14.253Z,null,null,NEVER_FAILED,null,null,null,NEVER_FAILED,null
2026-03-01,2026-03-15,SBT,CASH,DEPOSIT CONTROL DEPOSIT CASH,PASS,PASS,PASS,2026-04-06T22:14:14.253Z,null,null,NEVER_FAILED,null,null,null,NEVER_FAILED,null
2026-03-01,2026-03-15,SBT,CASH,MANUAL CONTROL,PASS,PASS,PASS,2026-04-06T22:14:14.253Z,null,null,NEVER_FAILED,null,null,null,NEVER_FAILED,null
2026-03-01,2026-03-15,SBT,CASH,OPEN BETS CASH,PASS,PASS,PASS,2026-04-06T22:14:14.253Z,null,null,NEVER_FAILED,null,null,null,NEVER_FAILED,null
2026-03-01,2026-03-15,SBT,CASH,SBT_BALANCE CUSTOMER BALANCES EXPECTED ROWCOUNT,PASS,PASS,PASS,2026-04-06T22:14:14.253Z,null,null,NEVER_FAILED,null,null,null,NEVER_FAILED,null
2026-03-01,2026-03-15,SBT,CASH,SPORTS CONTROL PAYOUT CASH,PASS,PASS,PASS,2026-04-06T22:14:14.253Z,null,null,NEVER_FAILED,null,null,null,NEVER_FAILED,null
2026-03-01,2026-03-15,SBT,CASH,SPORTS CONTROL PAYOUT REVERSAL CASH,PASS,PASS,PASS,2026-04-06T22:14:14.253Z,null,null,NEVER_FAILED,null,null,null,NEVER_FAILED,null
2026-03-01,2026-03-15,SBT,CASH,SPORTS CONTROL PLACED STAKE CASH,PASS,PASS,PASS,2026-04-06T22:14:14.253Z,null,null,NEVER_FAILED,null,null,null,NEVER_FAILED,null
2026-03-01,2026-03-15,SBT,CASH,SPORTS CONTROL STAKE REFUND CASH,PASS,PASS,PASS,2026-04-06T22:14:14.253Z,null,null,NEVER_FAILED,null,null,null,NEVER_FAILED,null
2026-03-01,2026-03-15,SBT,CASH,WITHDRAWAL CONTROL,PASS,PASS,PASS,2026-04-06T22:14:14.253Z,null,null,NEVER_FAILED,null,null,null,NEVER_FAILED,null
2026-03-01,2026-03-16,SBT,ALL,SBT_MANUAL BALANCES TO 0,PASS,PASS,PASS,2026-04-06T22:14:14.253Z,null,null,NEVER_FAILED,null,null,null,NEVER_FAILED,null
2026-03-01,2026-03-16,SBT,ALL,SBT_PAYMENT BALANCES TO 0,PASS,PASS,PASS,2026-04-06T22:14:14.253Z,null,null,NEVER_FAILED,null,null,null,NEVER_FAILED,null
2026-03-01,2026-03-16,SBT,ALL,SBT_SPORTSBOOK BALANCES TO 0,PASS,PASS,PASS,2026-04-06T22:14:14.253Z,null,null,NEVER_FAILED,null,null,null,NEVER_FAILED,null
2026-03-01,2026-03-16,SBT,ALL,SBT_WALLET BALANCES TO 0,PASS,PASS,PASS,2026-04-06T22:14:14.253Z,null,null,NEVER_FAILED,null,null,null,NEVER_FAILED,null
2026-03-01,2026-03-16,SBT,CASH,CUSTOMER BALANCES CASH,PASS,PASS,PASS,2026-04-06T22:14:14.253Z,null,null,NEVER_FAILED,null,null,null,NEVER_FAILED,null
2026-03-01,2026-03-16,SBT,CASH,DEPOSIT CONTROL DEPOSIT CASH,PASS,PASS,PASS,2026-04-06T22:14:14.253Z,null,null,NEVER_FAILED,null,null,null,NEVER_FAILED,null
2026-03-01,2026-03-16,SBT,CASH,MANUAL CONTROL,PASS,PASS,PASS,2026-04-06T22:14:14.253Z,null,null,NEVER_FAILED,null,null,null,NEVER_FAILED,null
2026-03-01,2026-03-16,SBT,CASH,OPEN BETS CASH,PASS,PASS,PASS,2026-04-06T22:14:14.253Z,null,null,NEVER_FAILED,null,null,null,NEVER_FAILED,null
2026-03-01,2026-03-16,SBT,CASH,SBT_BALANCE CUSTOMER BALANCES EXPECTED ROWCOUNT,PASS,PASS,PASS,2026-04-06T22:14:14.253Z,null,null,NEVER_FAILED,null,null,null,NEVER_FAILED,null
2026-03-01,2026-03-16,SBT,CASH,SPORTS CONTROL PAYOUT CASH,PASS,PASS,PASS,2026-04-06T22:14:14.253Z,null,null,NEVER_FAILED,null,null,null,NEVER_FAILED,null
2026-03-01,2026-03-16,SBT,CASH,SPORTS CONTROL PAYOUT REVERSAL CASH,PASS,PASS,PASS,2026-04-06T22:14:14.253Z,null,null,NEVER_FAILED,null,null,null,NEVER_FAILED,null
2026-03-01,2026-03-16,SBT,CASH,SPORTS CONTROL PLACED STAKE CASH,PASS,PASS,PASS,2026-04-06T22:14:14.253Z,null,null,NEVER_FAILED,null,null,null,NEVER_FAILED,null
2026-03-01,2026-03-16,SBT,CASH,SPORTS CONTROL STAKE REFUND CASH,PASS,PASS,PASS,2026-04-06T22:14:14.253Z,null,null,NEVER_FAILED,null,null,null,NEVER_FAILED,null
2026-03-01,2026-03-16,SBT,CASH,WITHDRAWAL CONTROL,PASS,PASS,PASS,2026-04-06T22:14:14.253Z,null,null,NEVER_FAILED,null,null,null,NEVER_FAILED,null
2026-03-01,2026-03-17,SBT,ALL,SBT_INTERNAL BALANCES TO 0,PASS,PASS,PASS,2026-04-06T22:14:14.253Z,null,null,NEVER_FAILED,null,null,null,NEVER_FAILED,null
2026-03-01,2026-03-17,SBT,ALL,SBT_MANUAL BALANCES TO 0,PASS,PASS,PASS,2026-04-06T22:14:14.253Z,null,null,NEVER_FAILED,null,null,null,NEVER_FAILED,null
2026-03-01,2026-03-17,SBT,ALL,SBT_PAYMENT BALANCES TO 0,PASS,PASS,PASS,2026-04-06T22:14:14.253Z,null,null,NEVER_FAILED,null,null,null,NEVER_FAILED,null
2026-03-01,2026-03-17,SBT,ALL,SBT_SPORTSBOOK BALANCES TO 0,PASS,PASS,PASS,2026-04-06T22:14:14.253Z,null,null,NEVER_FAILED,null,null,null,NEVER_FAILED,null
2026-03-01,2026-03-17,SBT,ALL,SBT_WALLET BALANCES TO 0,PASS,PASS,PASS,2026-04-06T22:14:14.253Z,null,null,NEVER_FAILED,null,null,null,NEVER_FAILED,null
2026-03-01,2026-03-17,SBT,CASH,CUSTOMER BALANCES CASH,PASS,PASS,PASS,2026-04-06T22:14:14.253Z,null,null,NEVER_FAILED,null,null,null,NEVER_FAILED,null
2026-03-01,2026-03-17,SBT,CASH,DEPOSIT CONTROL DEPOSIT CASH,PASS,PASS,PASS,2026-04-06T22:14:14.253Z,null,null,NEVER_FAILED,null,null,null,NEVER_FAILED,null
2026-03-01,2026-03-17,SBT,CASH,MANUAL CONTROL,PASS,PASS,PASS,2026-04-06T22:14:14.253Z,null,null,NEVER_FAILED,null,null,null,NEVER_FAILED,null
2026-03-01,2026-03-17,SBT,CASH,OPEN BETS CASH,PASS,PASS,PASS,2026-04-06T22:14:14.253Z,null,null,NEVER_FAILED,null,null,null,NEVER_FAILED,null
2026-03-01,2026-03-17,SBT,CASH,SBT_BALANCE CUSTOMER BALANCES EXPECTED ROWCOUNT,PASS,PASS,PASS,2026-04-06T22:14:14.253Z,null,null,NEVER_FAILED,null,null,null,NEVER_FAILED,null
2026-03-01,2026-03-17,SBT,CASH,SPORTS CONTROL PAYOUT CASH,PASS,PASS,PASS,2026-04-06T22:14:14.253Z,null,null,NEVER_FAILED,null,null,null,NEVER_FAILED,null
2026-03-01,2026-03-17,SBT,CASH,SPORTS CONTROL PAYOUT REVERSAL CASH,PASS,PASS,PASS,2026-04-06T22:14:14.253Z,null,null,NEVER_FAILED,null,null,null,NEVER_FAILED,null
2026-03-01,2026-03-17,SBT,CASH,SPORTS CONTROL PLACED STAKE CASH,PASS,PASS,PASS,2026-04-06T22:14:14.253Z,null,null,NEVER_FAILED,null,null,null,NEVER_FAILED,null
2026-03-01,2026-03-17,SBT,CASH,SPORTS CONTROL STAKE REFUND CASH,PASS,PASS,PASS,2026-04-06T22:14:14.253Z,null,null,NEVER_FAILED,null,null,null,NEVER_FAILED,null
2026-03-01,2026-03-17,SBT,CASH,WITHDRAWAL CONTROL,PASS,PASS,PASS,2026-04-06T22:14:14.253Z,null,null,NEVER_FAILED,null,null,null,NEVER_FAILED,null
2026-03-01,2026-03-18,SBT,ALL,SBT_MANUAL BALANCES TO 0,PASS,PASS,PASS,2026-04-06T22:14:14.253Z,null,null,NEVER_FAILED,null,null,null,NEVER_FAILED,null
2026-03-01,2026-03-18,SBT,ALL,SBT_PAYMENT BALANCES TO 0,PASS,PASS,PASS,2026-04-06T22:14:14.253Z,null,null,NEVER_FAILED,null,null,null,NEVER_FAILED,null
2026-03-01,2026-03-18,SBT,ALL,SBT_SPORTSBOOK BALANCES TO 0,PASS,PASS,PASS,2026-04-06T22:14:14.253Z,null,null,NEVER_FAILED,null,null,null,NEVER_FAILED,null
2026-03-01,2026-03-18,SBT,ALL,SBT_WALLET BALANCES TO 0,PASS,PASS,PASS,2026-04-06T22:14:14.253Z,null,null,NEVER_FAILED,null,null,null,NEVER_FAILED,null
2026-03-01,2026-03-18,SBT,CASH,CUSTOMER BALANCES CASH,PASS,PASS,PASS,2026-04-06T22:14:14.253Z,null,null,NEVER_FAILED,null,null,null,NEVER_FAILED,null
2026-03-01,2026-03-18,SBT,CASH,DEPOSIT CONTROL DEPOSIT CASH,PASS,PASS,PASS,2026-04-06T22:14:14.253Z,null,null,NEVER_FAILED,null,null,null,NEVER_FAILED,null
2026-03-01,2026-03-18,SBT,CASH,MANUAL CONTROL,PASS,PASS,PASS,2026-04-06T22:14:14.253Z,null,null,NEVER_FAILED,null,null,null,NEVER_FAILED,null
2026-03-01,2026-03-18,SBT,CASH,OPEN BETS CASH,PASS,PASS,PASS,2026-04-06T22:14:14.253Z,null,null,NEVER_FAILED,null,null,null,NEVER_FAILED,null
2026-03-01,2026-03-18,SBT,CASH,SBT_BALANCE CUSTOMER BALANCES EXPECTED ROWCOUNT,PASS,PASS,PASS,2026-04-06T22:14:14.253Z,null,null,NEVER_FAILED,null,null,null,NEVER_FAILED,null
2026-03-01,2026-03-18,SBT,CASH,SPORTS CONTROL PAYOUT CASH,PASS,PASS,PASS,2026-04-06T22:14:14.253Z,null,null,NEVER_FAILED,null,null,null,NEVER_FAILED,null
2026-03-01,2026-03-18,SBT,CASH,SPORTS CONTROL PAYOUT REVERSAL CASH,PASS,PASS,PASS,2026-04-06T22:14:14.253Z,null,null,NEVER_FAILED,null,null,null,NEVER_FAILED,null
2026-03-01,2026-03-18,SBT,CASH,SPORTS CONTROL PLACED STAKE CASH,PASS,PASS,PASS,2026-04-06T22:14:14.253Z,null,null,NEVER_FAILED,null,null,null,NEVER_FAILED,null
2026-03-01,2026-03-18,SBT,CASH,SPORTS CONTROL STAKE REFUND CASH,PASS,PASS,PASS,2026-04-06T22:14:14.253Z,null,null,NEVER_FAILED,null,null,null,NEVER_FAILED,null
2026-03-01,2026-03-18,SBT,CASH,WITHDRAWAL CONTROL,PASS,PASS,PASS,2026-04-06T22:14:14.253Z,null,null,NEVER_FAILED,null,null,null,NEVER_FAILED,null
2026-03-01,2026-03-19,SBT,ALL,SBT_MANUAL BALANCES TO 0,PASS,PASS,PASS,2026-04-06T22:14:14.253Z,null,null,NEVER_FAILED,null,null,null,NEVER_FAILED,null
2026-03-01,2026-03-19,SBT,ALL,SBT_PAYMENT BALANCES TO 0,PASS,PASS,PASS,2026-04-06T22:14:14.253Z,null,null,NEVER_FAILED,null,null,null,NEVER_FAILED,null
2026-03-01,2026-03-19,SBT,ALL,SBT_SPORTSBOOK BALANCES TO 0,PASS,PASS,PASS,2026-04-06T22:14:14.253Z,null,null,NEVER_FAILED,null,null,null,NEVER_FAILED,null
2026-03-01,2026-03-19,SBT,ALL,SBT_WALLET BALANCES TO 0,PASS,PASS,PASS,2026-04-06T22:14:14.253Z,2026-03-19T22:14:27.905Z,2026-03-20T22:15:31.378Z,RESOLVED,1441,2026-03-19T22:14:27.905Z,2026-03-20T22:15:31.378Z,RESOLVED,1441
2026-03-01,2026-03-19,SBT,CASH,CUSTOMER BALANCES CASH,PASS,PASS,PASS,2026-04-06T22:14:14.253Z,null,null,NEVER_FAILED,null,null,null,NEVER_FAILED,null
2026-03-01,2026-03-19,SBT,CASH,DEPOSIT CONTROL DEPOSIT CASH,PASS,PASS,PASS,2026-04-06T22:14:14.253Z,null,null,NEVER_FAILED,null,null,null,NEVER_FAILED,null
2026-03-01,2026-03-19,SBT,CASH,MANUAL CONTROL,PASS,PASS,PASS,2026-04-06T22:14:14.253Z,null,null,NEVER_FAILED,null,null,null,NEVER_FAILED,null
2026-03-01,2026-03-19,SBT,CASH,OPEN BETS CASH,PASS,PASS,PASS,2026-04-06T22:14:14.253Z,2026-03-19T22:14:27.905Z,2026-03-20T22:15:31.378Z,RESOLVED,1441,2026-03-19T22:14:27.905Z,2026-03-20T22:15:31.378Z,RESOLVED,1441
2026-03-01,2026-03-19,SBT,CASH,SBT_BALANCE CUSTOMER BALANCES EXPECTED ROWCOUNT,PASS,PASS,PASS,2026-04-06T22:14:14.253Z,null,null,NEVER_FAILED,null,null,null,NEVER_FAILED,null
2026-03-01,2026-03-19,SBT,CASH,SPORTS CONTROL PAYOUT CASH,PASS,PASS,PASS,2026-04-06T22:14:14.253Z,null,null,NEVER_FAILED,null,null,null,NEVER_FAILED,null
2026-03-01,2026-03-19,SBT,CASH,SPORTS CONTROL PAYOUT REVERSAL CASH,PASS,PASS,PASS,2026-04-06T22:14:14.253Z,null,null,NEVER_FAILED,null,null,null,NEVER_FAILED,null
2026-03-01,2026-03-19,SBT,CASH,SPORTS CONTROL PLACED STAKE CASH,PASS,PASS,PASS,2026-04-06T22:14:14.253Z,null,null,NEVER_FAILED,null,null,null,NEVER_FAILED,null
2026-03-01,2026-03-19,SBT,CASH,SPORTS CONTROL STAKE REFUND CASH,PASS,PASS,PASS,2026-04-06T22:14:14.253Z,null,null,NEVER_FAILED,null,null,null,NEVER_FAILED,null
2026-03-01,2026-03-19,SBT,CASH,WITHDRAWAL CONTROL,PASS,PASS,PASS,2026-04-06T22:14:14.253Z,null,null,NEVER_FAILED,null,null,null,NEVER_FAILED,null
2026-03-01,2026-03-20,SBT,ALL,SBT_INTERNAL BALANCES TO 0,PASS,PASS,PASS,2026-04-06T22:14:14.253Z,null,null,NEVER_FAILED,null,null,null,NEVER_FAILED,null
2026-03-01,2026-03-20,SBT,ALL,SBT_MANUAL BALANCES TO 0,PASS,PASS,PASS,2026-04-06T22:14:14.253Z,null,null,NEVER_FAILED,null,null,null,NEVER_FAILED,null
2026-03-01,2026-03-20,SBT,ALL,SBT_PAYMENT BALANCES TO 0,PASS,PASS,PASS,2026-04-06T22:14:14.253Z,null,null,NEVER_FAILED,null,null,null,NEVER_FAILED,null
2026-03-01,2026-03-20,SBT,ALL,SBT_SPORTSBOOK BALANCES TO 0,PASS,PASS,PASS,2026-04-06T22:14:14.253Z,null,null,NEVER_FAILED,null,null,null,NEVER_FAILED,null
2026-03-01,2026-03-20,SBT,ALL,SBT_WALLET BALANCES TO 0,PASS,PASS,PASS,2026-04-06T22:14:14.253Z,null,null,NEVER_FAILED,null,null,null,NEVER_FAILED,null
2026-03-01,2026-03-20,SBT,CASH,CUSTOMER BALANCES CASH,PASS,PASS,PASS,2026-04-06T22:14:14.253Z,null,null,NEVER_FAILED,null,null,null,NEVER_FAILED,null
2026-03-01,2026-03-20,SBT,CASH,DEPOSIT CONTROL DEPOSIT CASH,PASS,PASS,PASS,2026-04-06T22:14:14.253Z,null,null,NEVER_FAILED,null,null,null,NEVER_FAILED,null
2026-03-01,2026-03-20,SBT,CASH,MANUAL CONTROL,PASS,PASS,PASS,2026-04-06T22:14:14.253Z,null,null,NEVER_FAILED,null,null,null,NEVER_FAILED,null
2026-03-01,2026-03-20,SBT,CASH,OPEN BETS CASH,PASS,PASS,PASS,2026-04-06T22:14:14.253Z,null,null,NEVER_FAILED,null,null,null,NEVER_FAILED,null
2026-03-01,2026-03-20,SBT,CASH,SBT_BALANCE CUSTOMER BALANCES EXPECTED ROWCOUNT,PASS,PASS,PASS,2026-04-06T22:14:14.253Z,null,null,NEVER_FAILED,null,null,null,NEVER_FAILED,null
2026-03-01,2026-03-20,SBT,CASH,SPORTS CONTROL PAYOUT CASH,PASS,PASS,PASS,2026-04-06T22:14:14.253Z,null,null,NEVER_FAILED,null,null,null,NEVER_FAILED,null
2026-03-01,2026-03-20,SBT,CASH,SPORTS CONTROL PAYOUT REVERSAL CASH,PASS,PASS,PASS,2026-04-06T22:14:14.253Z,null,null,NEVER_FAILED,null,null,null,NEVER_FAILED,null
2026-03-01,2026-03-20,SBT,CASH,SPORTS CONTROL PLACED STAKE CASH,PASS,PASS,PASS,2026-04-06T22:14:14.253Z,null,null,NEVER_FAILED,null,null,null,NEVER_FAILED,null
2026-03-01,2026-03-20,SBT,CASH,SPORTS CONTROL STAKE REFUND CASH,PASS,PASS,PASS,2026-04-06T22:14:14.253Z,null,null,NEVER_FAILED,null,null,null,NEVER_FAILED,null
2026-03-01,2026-03-20,SBT,CASH,WITHDRAWAL CONTROL,PASS,PASS,PASS,2026-04-06T22:14:14.253Z,null,null,NEVER_FAILED,null,null,null,NEVER_FAILED,null
2026-03-01,2026-03-21,SBT,ALL,SBT_INTERNAL BALANCES TO 0,PASS,PASS,PASS,2026-04-06T22:14:14.253Z,null,null,NEVER_FAILED,null,null,null,NEVER_FAILED,null
2026-03-01,2026-03-21,SBT,ALL,SBT_MANUAL BALANCES TO 0,PASS,PASS,PASS,2026-04-06T22:14:14.253Z,null,null,NEVER_FAILED,null,null,null,NEVER_FAILED,null
2026-03-01,2026-03-21,SBT,ALL,SBT_PAYMENT BALANCES TO 0,PASS,PASS,PASS,2026-04-06T22:14:14.253Z,null,null,NEVER_FAILED,null,null,null,NEVER_FAILED,null
2026-03-01,2026-03-21,SBT,ALL,SBT_SPORTSBOOK BALANCES TO 0,PASS,PASS,PASS,2026-04-06T22:14:14.253Z,null,null,NEVER_FAILED,null,null,null,NEVER_FAILED,null
2026-03-01,2026-03-21,SBT,ALL,SBT_WALLET BALANCES TO 0,PASS,PASS,PASS,2026-04-06T22:14:14.253Z,2026-03-21T22:16:06.764Z,2026-03-22T22:14:05.262Z,RESOLVED,1437,2026-03-21T22:16:06.764Z,2026-03-22T22:14:05.262Z,RESOLVED,1437
2026-03-01,2026-03-21,SBT,CASH,CUSTOMER BALANCES CASH,PASS,PASS,PASS,2026-04-06T22:14:14.253Z,2026-03-21T22:16:06.764Z,2026-03-22T22:14:05.262Z,RESOLVED,1437,2026-03-21T22:16:06.764Z,2026-03-22T22:14:05.262Z,RESOLVED,1437
2026-03-01,2026-03-21,SBT,CASH,DEPOSIT CONTROL DEPOSIT CASH,PASS,PASS,PASS,2026-04-06T22:14:14.253Z,null,null,NEVER_FAILED,null,null,null,NEVER_FAILED,null
2026-03-01,2026-03-21,SBT,CASH,MANUAL CONTROL,PASS,PASS,PASS,2026-04-06T22:14:14.253Z,null,null,NEVER_FAILED,null,null,null,NEVER_FAILED,null
2026-03-01,2026-03-21,SBT,CASH,OPEN BETS CASH,PASS,PASS,PASS,2026-04-06T22:14:14.253Z,null,null,NEVER_FAILED,null,null,null,NEVER_FAILED,null
2026-03-01,2026-03-21,SBT,CASH,SBT_BALANCE CUSTOMER BALANCES EXPECTED ROWCOUNT,PASS,PASS,PASS,2026-04-06T22:14:14.253Z,null,null,NEVER_FAILED,null,null,null,NEVER_FAILED,null
2026-03-01,2026-03-21,SBT,CASH,SPORTS CONTROL PAYOUT CASH,PASS,PASS,PASS,2026-04-06T22:14:14.253Z,null,null,NEVER_FAILED,null,null,null,NEVER_FAILED,null
2026-03-01,2026-03-21,SBT,CASH,SPORTS CONTROL PAYOUT REVERSAL CASH,PASS,PASS,PASS,2026-04-06T22:14:14.253Z,null,null,NEVER_FAILED,null,null,null,NEVER_FAILED,null
2026-03-01,2026-03-21,SBT,CASH,SPORTS CONTROL PLACED STAKE CASH,PASS,PASS,PASS,2026-04-06T22:14:14.253Z,null,null,NEVER_FAILED,null,null,null,NEVER_FAILED,null
2026-03-01,2026-03-21,SBT,CASH,SPORTS CONTROL STAKE REFUND CASH,PASS,PASS,PASS,2026-04-06T22:14:14.253Z,null,null,NEVER_FAILED,null,null,null,NEVER_FAILED,null
2026-03-01,2026-03-21,SBT,CASH,WITHDRAWAL CONTROL,PASS,PASS,PASS,2026-04-06T22:14:14.253Z,null,null,NEVER_FAILED,null,null,null,NEVER_FAILED,null
2026-03-01,2026-03-22,SBT,ALL,SBT_MANUAL BALANCES TO 0,PASS,PASS,PASS,2026-04-06T22:14:14.253Z,null,null,NEVER_FAILED,null,null,null,NEVER_FAILED,null
2026-03-01,2026-03-22,SBT,ALL,SBT_PAYMENT BALANCES TO 0,PASS,PASS,PASS,2026-04-06T22:14:14.253Z,null,null,NEVER_FAILED,null,null,null,NEVER_FAILED,null
2026-03-01,2026-03-22,SBT,ALL,SBT_SPORTSBOOK BALANCES TO 0,PASS,PASS,PASS,2026-04-06T22:14:14.253Z,null,null,NEVER_FAILED,null,null,null,NEVER_FAILED,null
2026-03-01,2026-03-22,SBT,ALL,SBT_WALLET BALANCES TO 0,PASS,PASS,PASS,2026-04-06T22:14:14.253Z,null,null,NEVER_FAILED,null,null,null,NEVER_FAILED,null
2026-03-01,2026-03-22,SBT,CASH,CUSTOMER BALANCES CASH,PASS,PASS,PASS,2026-04-06T22:14:14.253Z,null,null,NEVER_FAILED,null,null,null,NEVER_FAILED,null
2026-03-01,2026-03-22,SBT,CASH,DEPOSIT CONTROL DEPOSIT CASH,PASS,PASS,PASS,2026-04-06T22:14:14.253Z,null,null,NEVER_FAILED,null,null,null,NEVER_FAILED,null
2026-03-01,2026-03-22,SBT,CASH,MANUAL CONTROL,PASS,PASS,PASS,2026-04-06T22:14:14.253Z,null,null,NEVER_FAILED,null,null,null,NEVER_FAILED,null
2026-03-01,2026-03-22,SBT,CASH,OPEN BETS CASH,PASS,PASS,PASS,2026-04-06T22:14:14.253Z,null,null,NEVER_FAILED,null,null,null,NEVER_FAILED,null
2026-03-01,2026-03-22,SBT,CASH,SBT_BALANCE CUSTOMER BALANCES EXPECTED ROWCOUNT,PASS,PASS,PASS,2026-04-06T22:14:14.253Z,null,null,NEVER_FAILED,null,null,null,NEVER_FAILED,null
2026-03-01,2026-03-22,SBT,CASH,SPORTS CONTROL PAYOUT CASH,PASS,PASS,PASS,2026-04-06T22:14:14.253Z,null,null,NEVER_FAILED,null,null,null,NEVER_FAILED,null
2026-03-01,2026-03-22,SBT,CASH,SPORTS CONTROL PAYOUT REVERSAL CASH,PASS,PASS,PASS,2026-04-06T22:14:14.253Z,null,null,NEVER_FAILED,null,null,null,NEVER_FAILED,null
2026-03-01,2026-03-22,SBT,CASH,SPORTS CONTROL PLACED STAKE CASH,PASS,PASS,PASS,2026-04-06T22:14:14.253Z,null,null,NEVER_FAILED,null,null,null,NEVER_FAILED,null
2026-03-01,2026-03-22,SBT,CASH,SPORTS CONTROL STAKE REFUND CASH,PASS,PASS,PASS,2026-04-06T22:14:14.253Z,null,null,NEVER_FAILED,null,null,null,NEVER_FAILED,null
2026-03-01,2026-03-22,SBT,CASH,WITHDRAWAL CONTROL,PASS,PASS,PASS,2026-04-06T22:14:14.253Z,null,null,NEVER_FAILED,null,null,null,NEVER_FAILED,null
2026-03-01,2026-03-23,SBT,ALL,SBT_MANUAL BALANCES TO 0,PASS,PASS,PASS,2026-04-06T22:14:14.253Z,null,null,NEVER_FAILED,null,null,null,NEVER_FAILED,null
2026-03-01,2026-03-23,SBT,ALL,SBT_PAYMENT BALANCES TO 0,PASS,PASS,PASS,2026-04-06T22:14:14.253Z,null,null,NEVER_FAILED,null,null,null,NEVER_FAILED,null
2026-03-01,2026-03-23,SBT,ALL,SBT_SPORTSBOOK BALANCES TO 0,PASS,PASS,PASS,2026-04-06T22:14:14.253Z,null,null,NEVER_FAILED,null,null,null,NEVER_FAILED,null
2026-03-01,2026-03-23,SBT,ALL,SBT_WALLET BALANCES TO 0,PASS,PASS,PASS,2026-04-06T22:14:14.253Z,null,null,NEVER_FAILED,null,null,null,NEVER_FAILED,null
2026-03-01,2026-03-23,SBT,CASH,CUSTOMER BALANCES CASH,PASS,PASS,PASS,2026-04-06T22:14:14.253Z,null,null,NEVER_FAILED,null,null,null,NEVER_FAILED,null
2026-03-01,2026-03-23,SBT,CASH,DEPOSIT CONTROL DEPOSIT CASH,PASS,PASS,PASS,2026-04-06T22:14:14.253Z,null,null,NEVER_FAILED,null,null,null,NEVER_FAILED,null
2026-03-01,2026-03-23,SBT,CASH,MANUAL CONTROL,PASS,PASS,PASS,2026-04-06T22:14:14.253Z,null,null,NEVER_FAILED,null,null,null,NEVER_FAILED,null
2026-03-01,2026-03-23,SBT,CASH,OPEN BETS CASH,PASS,PASS,PASS,2026-04-06T22:14:14.253Z,null,null,NEVER_FAILED,null,null,null,NEVER_FAILED,null
2026-03-01,2026-03-23,SBT,CASH,SBT_BALANCE CUSTOMER BALANCES EXPECTED ROWCOUNT,PASS,PASS,PASS,2026-04-06T22:14:14.253Z,null,null,NEVER_FAILED,null,null,null,NEVER_FAILED,null
2026-03-01,2026-03-23,SBT,CASH,SPORTS CONTROL PAYOUT CASH,PASS,PASS,PASS,2026-04-06T22:14:14.253Z,null,null,NEVER_FAILED,null,null,null,NEVER_FAILED,null
2026-03-01,2026-03-23,SBT,CASH,SPORTS CONTROL PAYOUT REVERSAL CASH,PASS,PASS,PASS,2026-04-06T22:14:14.253Z,null,null,NEVER_FAILED,null,null,null,NEVER_FAILED,null
2026-03-01,2026-03-23,SBT,CASH,SPORTS CONTROL PLACED STAKE CASH,PASS,PASS,PASS,2026-04-06T22:14:14.253Z,null,null,NEVER_FAILED,null,null,null,NEVER_FAILED,null
2026-03-01,2026-03-23,SBT,CASH,SPORTS CONTROL STAKE REFUND CASH,PASS,PASS,PASS,2026-04-06T22:14:14.253Z,null,null,NEVER_FAILED,null,null,null,NEVER_FAILED,null
2026-03-01,2026-03-23,SBT,CASH,WITHDRAWAL CONTROL,PASS,PASS,PASS,2026-04-06T22:14:14.253Z,null,null,NEVER_FAILED,null,null,null,NEVER_FAILED,null
2026-03-01,2026-03-24,SBT,ALL,SBT_MANUAL BALANCES TO 0,PASS,PASS,PASS,2026-04-06T22:14:14.253Z,null,null,NEVER_FAILED,null,null,null,NEVER_FAILED,null
2026-03-01,2026-03-24,SBT,ALL,SBT_PAYMENT BALANCES TO 0,PASS,PASS,PASS,2026-04-06T22:14:14.253Z,null,null,NEVER_FAILED,null,null,null,NEVER_FAILED,null
2026-03-01,2026-03-24,SBT,ALL,SBT_SPORTSBOOK BALANCES TO 0,PASS,PASS,PASS,2026-04-06T22:14:14.253Z,null,null,NEVER_FAILED,null,null,null,NEVER_FAILED,null
2026-03-01,2026-03-24,SBT,ALL,SBT_WALLET BALANCES TO 0,PASS,PASS,PASS,2026-04-06T22:14:14.253Z,2026-03-24T22:13:41.705Z,2026-03-25T22:13:53.227Z,RESOLVED,1440,2026-03-24T22:13:41.705Z,2026-03-25T22:13:53.227Z,RESOLVED,1440
2026-03-01,2026-03-24,SBT,CASH,CUSTOMER BALANCES CASH,PASS,PASS,PASS,2026-04-06T22:14:14.253Z,2026-03-24T22:13:41.705Z,2026-03-25T16:21:05.142Z,RESOLVED,1087,2026-03-24T22:13:41.705Z,2026-03-25T16:21:05.142Z,RESOLVED,1087
2026-03-01,2026-03-24,SBT,CASH,DEPOSIT CONTROL DEPOSIT CASH,PASS,PASS,PASS,2026-04-06T22:14:14.253Z,null,null,NEVER_FAILED,null,null,null,NEVER_FAILED,null
2026-03-01,2026-03-24,SBT,CASH,MANUAL CONTROL,PASS,PASS,PASS,2026-04-06T22:14:14.253Z,null,null,NEVER_FAILED,null,null,null,NEVER_FAILED,null
2026-03-01,2026-03-24,SBT,CASH,OPEN BETS CASH,PASS,PASS,PASS,2026-04-06T22:14:14.253Z,null,null,NEVER_FAILED,null,null,null,NEVER_FAILED,null
2026-03-01,2026-03-24,SBT,CASH,SBT_BALANCE CUSTOMER BALANCES EXPECTED ROWCOUNT,PASS,PASS,PASS,2026-04-06T22:14:14.253Z,null,null,NEVER_FAILED,null,null,null,NEVER_FAILED,null
2026-03-01,2026-03-24,SBT,CASH,SPORTS CONTROL PAYOUT CASH,PASS,PASS,PASS,2026-04-06T22:14:14.253Z,null,null,NEVER_FAILED,null,null,null,NEVER_FAILED,null
2026-03-01,2026-03-24,SBT,CASH,SPORTS CONTROL PAYOUT REVERSAL CASH,PASS,PASS,PASS,2026-04-06T22:14:14.253Z,null,null,NEVER_FAILED,null,null,null,NEVER_FAILED,null
2026-03-01,2026-03-24,SBT,CASH,SPORTS CONTROL PLACED STAKE CASH,PASS,PASS,PASS,2026-04-06T22:14:14.253Z,null,null,NEVER_FAILED,null,null,null,NEVER_FAILED,null
2026-03-01,2026-03-24,SBT,CASH,SPORTS CONTROL STAKE REFUND CASH,PASS,PASS,PASS,2026-04-06T22:14:14.253Z,null,null,NEVER_FAILED,null,null,null,NEVER_FAILED,null
2026-03-01,2026-03-24,SBT,CASH,WITHDRAWAL CONTROL,PASS,PASS,PASS,2026-04-06T22:14:14.253Z,null,null,NEVER_FAILED,null,null,null,NEVER_FAILED,null
2026-03-01,2026-03-25,SBT,ALL,SBT_INTERNAL BALANCES TO 0,PASS,PASS,PASS,2026-04-06T22:14:14.253Z,null,null,NEVER_FAILED,null,null,null,NEVER_FAILED,null
2026-03-01,2026-03-25,SBT,ALL,SBT_MANUAL BALANCES TO 0,PASS,PASS,PASS,2026-04-06T22:14:14.253Z,null,null,NEVER_FAILED,null,null,null,NEVER_FAILED,null
2026-03-01,2026-03-25,SBT,ALL,SBT_PAYMENT BALANCES TO 0,PASS,PASS,PASS,2026-04-06T22:14:14.253Z,null,null,NEVER_FAILED,null,null,null,NEVER_FAILED,null
2026-03-01,2026-03-25,SBT,ALL,SBT_SPORTSBOOK BALANCES TO 0,PASS,PASS,PASS,2026-04-06T22:14:14.253Z,null,null,NEVER_FAILED,null,null,null,NEVER_FAILED,null
2026-03-01,2026-03-25,SBT,ALL,SBT_WALLET BALANCES TO 0,PASS,PASS,PASS,2026-04-06T22:14:14.253Z,null,null,NEVER_FAILED,null,null,null,NEVER_FAILED,null
2026-03-01,2026-03-25,SBT,CASH,CUSTOMER BALANCES CASH,PASS,PASS,PASS,2026-04-06T22:14:14.253Z,null,null,NEVER_FAILED,null,null,null,NEVER_FAILED,null
2026-03-01,2026-03-25,SBT,CASH,DEPOSIT CONTROL DEPOSIT CASH,PASS,PASS,PASS,2026-04-06T22:14:14.253Z,null,null,NEVER_FAILED,null,null,null,NEVER_FAILED,null
2026-03-01,2026-03-25,SBT,CASH,MANUAL CONTROL,PASS,PASS,PASS,2026-04-06T22:14:14.253Z,null,null,NEVER_FAILED,null,null,null,NEVER_FAILED,null
2026-03-01,2026-03-25,SBT,CASH,OPEN BETS CASH,PASS,PASS,PASS,2026-04-06T22:14:14.253Z,2026-03-25T16:21:05.142Z,2026-03-25T22:13:53.227Z,RESOLVED,352,2026-03-25T16:21:05.142Z,2026-03-25T22:13:53.227Z,RESOLVED,352
2026-03-01,2026-03-25,SBT,CASH,SBT_BALANCE CUSTOMER BALANCES EXPECTED ROWCOUNT,PASS,PASS,PASS,2026-04-06T22:14:14.253Z,null,null,NEVER_FAILED,null,null,null,NEVER_FAILED,null
2026-03-01,2026-03-25,SBT,CASH,SPORTS CONTROL PAYOUT CASH,PASS,PASS,PASS,2026-04-06T22:14:14.253Z,null,null,NEVER_FAILED,null,null,null,NEVER_FAILED,null
2026-03-01,2026-03-25,SBT,CASH,SPORTS CONTROL PAYOUT REVERSAL CASH,PASS,PASS,PASS,2026-04-06T22:14:14.253Z,null,null,NEVER_FAILED,null,null,null,NEVER_FAILED,null
2026-03-01,2026-03-25,SBT,CASH,SPORTS CONTROL PLACED STAKE CASH,PASS,PASS,PASS,2026-04-06T22:14:14.253Z,null,null,NEVER_FAILED,null,null,null,NEVER_FAILED,null
2026-03-01,2026-03-25,SBT,CASH,SPORTS CONTROL STAKE REFUND CASH,PASS,PASS,PASS,2026-04-06T22:14:14.253Z,null,null,NEVER_FAILED,null,null,null,NEVER_FAILED,null
2026-03-01,2026-03-25,SBT,CASH,WITHDRAWAL CONTROL,PASS,PASS,PASS,2026-04-06T22:14:14.253Z,2026-03-25T16:21:05.142Z,2026-03-25T22:13:53.227Z,RESOLVED,352,2026-03-25T16:21:05.142Z,2026-03-25T22:13:53.227Z,RESOLVED,352
2026-03-01,2026-03-26,SBT,ALL,SBT_INTERNAL BALANCES TO 0,PASS,PASS,PASS,2026-04-06T22:14:14.253Z,null,null,NEVER_FAILED,null,null,null,NEVER_FAILED,null
2026-03-01,2026-03-26,SBT,ALL,SBT_MANUAL BALANCES TO 0,PASS,PASS,PASS,2026-04-06T22:14:14.253Z,null,null,NEVER_FAILED,null,null,null,NEVER_FAILED,null
2026-03-01,2026-03-26,SBT,ALL,SBT_PAYMENT BALANCES TO 0,PASS,PASS,PASS,2026-04-06T22:14:14.253Z,null,null,NEVER_FAILED,null,null,null,NEVER_FAILED,null
2026-03-01,2026-03-26,SBT,ALL,SBT_SPORTSBOOK BALANCES TO 0,PASS,PASS,PASS,2026-04-06T22:14:14.253Z,null,null,NEVER_FAILED,null,null,null,NEVER_FAILED,null
2026-03-01,2026-03-26,SBT,ALL,SBT_WALLET BALANCES TO 0,PASS,PASS,PASS,2026-04-06T22:14:14.253Z,null,null,NEVER_FAILED,null,null,null,NEVER_FAILED,null
2026-03-01,2026-03-26,SBT,CASH,CUSTOMER BALANCES CASH,PASS,PASS,PASS,2026-04-06T22:14:14.253Z,null,null,NEVER_FAILED,null,null,null,NEVER_FAILED,null
2026-03-01,2026-03-26,SBT,CASH,DEPOSIT CONTROL DEPOSIT CASH,PASS,PASS,PASS,2026-04-06T22:14:14.253Z,null,null,NEVER_FAILED,null,null,null,NEVER_FAILED,null
2026-03-01,2026-03-26,SBT,CASH,MANUAL CONTROL,PASS,PASS,PASS,2026-04-06T22:14:14.253Z,null,null,NEVER_FAILED,null,null,null,NEVER_FAILED,null
2026-03-01,2026-03-26,SBT,CASH,OPEN BETS CASH,PASS,PASS,PASS,2026-04-06T22:14:14.253Z,null,null,NEVER_FAILED,null,null,null,NEVER_FAILED,null
2026-03-01,2026-03-26,SBT,CASH,SBT_BALANCE CUSTOMER BALANCES EXPECTED ROWCOUNT,PASS,PASS,PASS,2026-04-06T22:14:14.253Z,null,null,NEVER_FAILED,null,null,null,NEVER_FAILED,null
2026-03-01,2026-03-26,SBT,CASH,SPORTS CONTROL PAYOUT CASH,PASS,PASS,PASS,2026-04-06T22:14:14.253Z,null,null,NEVER_FAILED,null,null,null,NEVER_FAILED,null
2026-03-01,2026-03-26,SBT,CASH,SPORTS CONTROL PAYOUT REVERSAL CASH,PASS,PASS,PASS,2026-04-06T22:14:14.253Z,null,null,NEVER_FAILED,null,null,null,NEVER_FAILED,null
2026-03-01,2026-03-26,SBT,CASH,SPORTS CONTROL PLACED STAKE CASH,PASS,PASS,PASS,2026-04-06T22:14:14.253Z,null,null,NEVER_FAILED,null,null,null,NEVER_FAILED,null
2026-03-01,2026-03-26,SBT,CASH,SPORTS CONTROL STAKE REFUND CASH,PASS,PASS,PASS,2026-04-06T22:14:14.253Z,null,null,NEVER_FAILED,null,null,null,NEVER_FAILED,null
2026-03-01,2026-03-26,SBT,CASH,WITHDRAWAL CONTROL,PASS,PASS,PASS,2026-04-06T22:14:14.253Z,null,null,NEVER_FAILED,null,null,null,NEVER_FAILED,null
2026-03-01,2026-03-27,SBT,ALL,SBT_INTERNAL BALANCES TO 0,PASS,PASS,PASS,2026-04-06T22:14:14.253Z,null,null,NEVER_FAILED,null,null,null,NEVER_FAILED,null
2026-03-01,2026-03-27,SBT,ALL,SBT_MANUAL BALANCES TO 0,PASS,PASS,PASS,2026-04-06T22:14:14.253Z,null,null,NEVER_FAILED,null,null,null,NEVER_FAILED,null
2026-03-01,2026-03-27,SBT,ALL,SBT_PAYMENT BALANCES TO 0,PASS,PASS,PASS,2026-04-06T22:14:14.253Z,null,null,NEVER_FAILED,null,null,null,NEVER_FAILED,null
2026-03-01,2026-03-27,SBT,ALL,SBT_SPORTSBOOK BALANCES TO 0,PASS,PASS,PASS,2026-04-06T22:14:14.253Z,null,null,NEVER_FAILED,null,null,null,NEVER_FAILED,null
2026-03-01,2026-03-27,SBT,ALL,SBT_WALLET BALANCES TO 0,PASS,PASS,PASS,2026-04-06T22:14:14.253Z,null,null,NEVER_FAILED,null,null,null,NEVER_FAILED,null
2026-03-01,2026-03-27,SBT,CASH,CUSTOMER BALANCES CASH,PASS,PASS,PASS,2026-04-06T22:14:14.253Z,null,null,NEVER_FAILED,null,null,null,NEVER_FAILED,null
2026-03-01,2026-03-27,SBT,CASH,DEPOSIT CONTROL DEPOSIT CASH,PASS,PASS,PASS,2026-04-06T22:14:14.253Z,null,null,NEVER_FAILED,null,null,null,NEVER_FAILED,null
2026-03-01,2026-03-27,SBT,CASH,MANUAL CONTROL,PASS,PASS,PASS,2026-04-06T22:14:14.253Z,null,null,NEVER_FAILED,null,null,null,NEVER_FAILED,null
2026-03-01,2026-03-27,SBT,CASH,OPEN BETS CASH,PASS,PASS,PASS,2026-04-06T22:14:14.253Z,null,null,NEVER_FAILED,null,null,null,NEVER_FAILED,null
2026-03-01,2026-03-27,SBT,CASH,SBT_BALANCE CUSTOMER BALANCES EXPECTED ROWCOUNT,PASS,PASS,PASS,2026-04-06T22:14:14.253Z,null,null,NEVER_FAILED,null,null,null,NEVER_FAILED,null
2026-03-01,2026-03-27,SBT,CASH,SPORTS CONTROL PAYOUT CASH,PASS,PASS,PASS,2026-04-06T22:14:14.253Z,null,null,NEVER_FAILED,null,null,null,NEVER_FAILED,null
2026-03-01,2026-03-27,SBT,CASH,SPORTS CONTROL PAYOUT REVERSAL CASH,PASS,PASS,PASS,2026-04-06T22:14:14.253Z,null,null,NEVER_FAILED,null,null,null,NEVER_FAILED,null
2026-03-01,2026-03-27,SBT,CASH,SPORTS CONTROL PLACED STAKE CASH,PASS,PASS,PASS,2026-04-06T22:14:14.253Z,null,null,NEVER_FAILED,null,null,null,NEVER_FAILED,null
2026-03-01,2026-03-27,SBT,CASH,SPORTS CONTROL STAKE REFUND CASH,PASS,PASS,PASS,2026-04-06T22:14:14.253Z,null,null,NEVER_FAILED,null,null,null,NEVER_FAILED,null
2026-03-01,2026-03-27,SBT,CASH,WITHDRAWAL CONTROL,PASS,PASS,PASS,2026-04-06T22:14:14.253Z,null,null,NEVER_FAILED,null,null,null,NEVER_FAILED,null
2026-03-01,2026-03-28,SBT,ALL,SBT_INTERNAL BALANCES TO 0,PASS,PASS,PASS,2026-04-06T22:14:14.253Z,null,null,NEVER_FAILED,null,null,null,NEVER_FAILED,null
2026-03-01,2026-03-28,SBT,ALL,SBT_MANUAL BALANCES TO 0,PASS,PASS,PASS,2026-04-06T22:14:14.253Z,null,null,NEVER_FAILED,null,null,null,NEVER_FAILED,null
2026-03-01,2026-03-28,SBT,ALL,SBT_PAYMENT BALANCES TO 0,PASS,PASS,PASS,2026-04-06T22:14:14.253Z,null,null,NEVER_FAILED,null,null,null,NEVER_FAILED,null
2026-03-01,2026-03-28,SBT,ALL,SBT_SPORTSBOOK BALANCES TO 0,PASS,PASS,PASS,2026-04-06T22:14:14.253Z,null,null,NEVER_FAILED,null,null,null,NEVER_FAILED,null
2026-03-01,2026-03-28,SBT,ALL,SBT_WALLET BALANCES TO 0,PASS,PASS,PASS,2026-04-06T22:14:14.253Z,null,null,NEVER_FAILED,null,null,null,NEVER_FAILED,null
2026-03-01,2026-03-28,SBT,CASH,CUSTOMER BALANCES CASH,PASS,PASS,PASS,2026-04-06T22:14:14.253Z,null,null,NEVER_FAILED,null,null,null,NEVER_FAILED,null
2026-03-01,2026-03-28,SBT,CASH,DEPOSIT CONTROL DEPOSIT CASH,PASS,PASS,PASS,2026-04-06T22:14:14.253Z,null,null,NEVER_FAILED,null,null,null,NEVER_FAILED,null
2026-03-01,2026-03-28,SBT,CASH,MANUAL CONTROL,PASS,PASS,PASS,2026-04-06T22:14:14.253Z,null,null,NEVER_FAILED,null,null,null,NEVER_FAILED,null
2026-03-01,2026-03-28,SBT,CASH,OPEN BETS CASH,PASS,PASS,PASS,2026-04-06T22:14:14.253Z,null,null,NEVER_FAILED,null,null,null,NEVER_FAILED,null
2026-03-01,2026-03-28,SBT,CASH,SBT_BALANCE CUSTOMER BALANCES EXPECTED ROWCOUNT,PASS,PASS,PASS,2026-04-06T22:14:14.253Z,null,null,NEVER_FAILED,null,null,null,NEVER_FAILED,null
2026-03-01,2026-03-28,SBT,CASH,SPORTS CONTROL PAYOUT CASH,PASS,PASS,PASS,2026-04-06T22:14:14.253Z,null,null,NEVER_FAILED,null,null,null,NEVER_FAILED,null
2026-03-01,2026-03-28,SBT,CASH,SPORTS CONTROL PAYOUT REVERSAL CASH,PASS,PASS,PASS,2026-04-06T22:14:14.253Z,null,null,NEVER_FAILED,null,null,null,NEVER_FAILED,null
2026-03-01,2026-03-28,SBT,CASH,SPORTS CONTROL PLACED STAKE CASH,PASS,PASS,PASS,2026-04-06T22:14:14.253Z,null,null,NEVER_FAILED,null,null,null,NEVER_FAILED,null
2026-03-01,2026-03-28,SBT,CASH,SPORTS CONTROL STAKE REFUND CASH,PASS,PASS,PASS,2026-04-06T22:14:14.253Z,null,null,NEVER_FAILED,null,null,null,NEVER_FAILED,null
2026-03-01,2026-03-28,SBT,CASH,WITHDRAWAL CONTROL,PASS,PASS,PASS,2026-04-06T22:14:14.253Z,null,null,NEVER_FAILED,null,null,null,NEVER_FAILED,null
2026-03-01,2026-03-29,SBT,ALL,SBT_MANUAL BALANCES TO 0,PASS,PASS,PASS,2026-04-06T22:14:14.253Z,null,null,NEVER_FAILED,null,null,null,NEVER_FAILED,null
2026-03-01,2026-03-29,SBT,ALL,SBT_PAYMENT BALANCES TO 0,PASS,PASS,PASS,2026-04-06T22:14:14.253Z,null,null,NEVER_FAILED,null,null,null,NEVER_FAILED,null
2026-03-01,2026-03-29,SBT,ALL,SBT_SPORTSBOOK BALANCES TO 0,PASS,PASS,PASS,2026-04-06T22:14:14.253Z,null,null,NEVER_FAILED,null,null,null,NEVER_FAILED,null
2026-03-01,2026-03-29,SBT,ALL,SBT_WALLET BALANCES TO 0,PASS,PASS,PASS,2026-04-06T22:14:14.253Z,null,null,NEVER_FAILED,null,null,null,NEVER_FAILED,null
2026-03-01,2026-03-29,SBT,CASH,CUSTOMER BALANCES CASH,PASS,PASS,PASS,2026-04-06T22:14:14.253Z,null,null,NEVER_FAILED,null,null,null,NEVER_FAILED,null
2026-03-01,2026-03-29,SBT,CASH,DEPOSIT CONTROL DEPOSIT CASH,PASS,PASS,PASS,2026-04-06T22:14:14.253Z,null,null,NEVER_FAILED,null,null,null,NEVER_FAILED,null
2026-03-01,2026-03-29,SBT,CASH,MANUAL CONTROL,PASS,PASS,PASS,2026-04-06T22:14:14.253Z,null,null,NEVER_FAILED,null,null,null,NEVER_FAILED,null
2026-03-01,2026-03-29,SBT,CASH,OPEN BETS CASH,PASS,PASS,PASS,2026-04-06T22:14:14.253Z,null,null,NEVER_FAILED,null,null,null,NEVER_FAILED,null
2026-03-01,2026-03-29,SBT,CASH,SBT_BALANCE CUSTOMER BALANCES EXPECTED ROWCOUNT,PASS,PASS,PASS,2026-04-06T22:14:14.253Z,null,null,NEVER_FAILED,null,null,null,NEVER_FAILED,null
2026-03-01,2026-03-29,SBT,CASH,SPORTS CONTROL PAYOUT CASH,PASS,PASS,PASS,2026-04-06T22:14:14.253Z,null,null,NEVER_FAILED,null,null,null,NEVER_FAILED,null
2026-03-01,2026-03-29,SBT,CASH,SPORTS CONTROL PAYOUT REVERSAL CASH,PASS,PASS,PASS,2026-04-06T22:14:14.253Z,null,null,NEVER_FAILED,null,null,null,NEVER_FAILED,null
2026-03-01,2026-03-29,SBT,CASH,SPORTS CONTROL PLACED STAKE CASH,PASS,PASS,PASS,2026-04-06T22:14:14.253Z,null,null,NEVER_FAILED,null,null,null,NEVER_FAILED,null
2026-03-01,2026-03-29,SBT,CASH,SPORTS CONTROL STAKE REFUND CASH,PASS,PASS,PASS,2026-04-06T22:14:14.253Z,null,null,NEVER_FAILED,null,null,null,NEVER_FAILED,null
2026-03-01,2026-03-29,SBT,CASH,WITHDRAWAL CONTROL,PASS,PASS,PASS,2026-04-06T22:14:14.253Z,null,null,NEVER_FAILED,null,null,null,NEVER_FAILED,null
2026-03-01,2026-03-30,SBT,ALL,SBT_MANUAL BALANCES TO 0,PASS,PASS,PASS,2026-04-06T22:14:14.253Z,null,null,NEVER_FAILED,null,null,null,NEVER_FAILED,null
2026-03-01,2026-03-30,SBT,ALL,SBT_PAYMENT BALANCES TO 0,PASS,PASS,PASS,2026-04-06T22:14:14.253Z,null,null,NEVER_FAILED,null,null,null,NEVER_FAILED,null
2026-03-01,2026-03-30,SBT,ALL,SBT_SPORTSBOOK BALANCES TO 0,PASS,PASS,PASS,2026-04-06T22:14:14.253Z,null,null,NEVER_FAILED,null,null,null,NEVER_FAILED,null
2026-03-01,2026-03-30,SBT,ALL,SBT_WALLET BALANCES TO 0,PASS,PASS,PASS,2026-04-06T22:14:14.253Z,null,null,NEVER_FAILED,null,null,null,NEVER_FAILED,null
2026-03-01,2026-03-30,SBT,CASH,CUSTOMER BALANCES CASH,PASS,PASS,PASS,2026-04-06T22:14:14.253Z,2026-03-30T16:22:37.624Z,2026-03-30T22:14:48.287Z,RESOLVED,352,2026-03-30T16:22:37.624Z,2026-03-30T22:14:48.287Z,RESOLVED,352
2026-03-01,2026-03-30,SBT,CASH,DEPOSIT CONTROL DEPOSIT CASH,PASS,PASS,PASS,2026-04-06T22:14:14.253Z,null,null,NEVER_FAILED,null,null,null,NEVER_FAILED,null
2026-03-01,2026-03-30,SBT,CASH,MANUAL CONTROL,PASS,PASS,PASS,2026-04-06T22:14:14.253Z,null,null,NEVER_FAILED,null,null,null,NEVER_FAILED,null
2026-03-01,2026-03-30,SBT,CASH,OPEN BETS CASH,PASS,PASS,PASS,2026-04-06T22:14:14.253Z,2026-03-30T16:22:37.624Z,2026-03-30T22:14:48.287Z,RESOLVED,352,2026-03-30T16:22:37.624Z,2026-03-30T22:14:48.287Z,RESOLVED,352
2026-03-01,2026-03-30,SBT,CASH,SBT_BALANCE CUSTOMER BALANCES EXPECTED ROWCOUNT,PASS,PASS,PASS,2026-04-06T22:14:14.253Z,null,null,NEVER_FAILED,null,null,null,NEVER_FAILED,null
2026-03-01,2026-03-30,SBT,CASH,SPORTS CONTROL PAYOUT CASH,PASS,PASS,PASS,2026-04-06T22:14:14.253Z,null,null,NEVER_FAILED,null,null,null,NEVER_FAILED,null
2026-03-01,2026-03-30,SBT,CASH,SPORTS CONTROL PAYOUT REVERSAL CASH,PASS,PASS,PASS,2026-04-06T22:14:14.253Z,null,null,NEVER_FAILED,null,null,null,NEVER_FAILED,null
2026-03-01,2026-03-30,SBT,CASH,SPORTS CONTROL PLACED STAKE CASH,PASS,PASS,PASS,2026-04-06T22:14:14.253Z,null,null,NEVER_FAILED,null,null,null,NEVER_FAILED,null
2026-03-01,2026-03-30,SBT,CASH,SPORTS CONTROL STAKE REFUND CASH,PASS,PASS,PASS,2026-04-06T22:14:14.253Z,null,null,NEVER_FAILED,null,null,null,NEVER_FAILED,null
2026-03-01,2026-03-30,SBT,CASH,WITHDRAWAL CONTROL,PASS,PASS,PASS,2026-04-06T22:14:14.253Z,2026-03-30T16:22:37.624Z,2026-03-30T22:14:48.287Z,RESOLVED,352,2026-03-30T16:22:37.624Z,2026-03-30T22:14:48.287Z,RESOLVED,352
2026-03-01,2026-03-31,SBT,ALL,SBT_MANUAL BALANCES TO 0,PASS,PASS,PASS,2026-04-06T22:14:14.253Z,null,null,NEVER_FAILED,null,null,null,NEVER_FAILED,null
2026-03-01,2026-03-31,SBT,ALL,SBT_PAYMENT BALANCES TO 0,PASS,PASS,PASS,2026-04-06T22:14:14.253Z,null,null,NEVER_FAILED,null,null,null,NEVER_FAILED,null
2026-03-01,2026-03-31,SBT,ALL,SBT_SPORTSBOOK BALANCES TO 0,PASS,PASS,PASS,2026-04-06T22:14:14.253Z,null,null,NEVER_FAILED,null,null,null,NEVER_FAILED,null
2026-03-01,2026-03-31,SBT,ALL,SBT_WALLET BALANCES TO 0,PASS,PASS,PASS,2026-04-06T22:14:14.253Z,null,null,NEVER_FAILED,null,null,null,NEVER_FAILED,null
2026-03-01,2026-03-31,SBT,CASH,CUSTOMER BALANCES CASH,PASS,PASS,PASS,2026-04-06T22:14:14.253Z,null,null,NEVER_FAILED,null,null,null,NEVER_FAILED,null
2026-03-01,2026-03-31,SBT,CASH,DEPOSIT CONTROL DEPOSIT CASH,PASS,PASS,PASS,2026-04-06T22:14:14.253Z,null,null,NEVER_FAILED,null,null,null,NEVER_FAILED,null
2026-03-01,2026-03-31,SBT,CASH,MANUAL CONTROL,PASS,PASS,PASS,2026-04-06T22:14:14.253Z,null,null,NEVER_FAILED,null,null,null,NEVER_FAILED,null
2026-03-01,2026-03-31,SBT,CASH,OPEN BETS CASH,PASS,PASS,PASS,2026-04-06T22:14:14.253Z,null,null,NEVER_FAILED,null,null,null,NEVER_FAILED,null
2026-03-01,2026-03-31,SBT,CASH,SBT_BALANCE CUSTOMER BALANCES EXPECTED ROWCOUNT,PASS,PASS,PASS,2026-04-06T22:14:14.253Z,null,null,NEVER_FAILED,null,null,null,NEVER_FAILED,null
2026-03-01,2026-03-31,SBT,CASH,SPORTS CONTROL PAYOUT CASH,PASS,PASS,PASS,2026-04-06T22:14:14.253Z,null,null,NEVER_FAILED,null,null,null,NEVER_FAILED,null
2026-03-01,2026-03-31,SBT,CASH,SPORTS CONTROL PAYOUT REVERSAL CASH,PASS,PASS,PASS,2026-04-06T22:14:14.253Z,null,null,NEVER_FAILED,null,null,null,NEVER_FAILED,null
2026-03-01,2026-03-31,SBT,CASH,SPORTS CONTROL PLACED STAKE CASH,PASS,PASS,PASS,2026-04-06T22:14:14.253Z,null,null,NEVER_FAILED,null,null,null,NEVER_FAILED,null
2026-03-01,2026-03-31,SBT,CASH,SPORTS CONTROL STAKE REFUND CASH,PASS,PASS,PASS,2026-04-06T22:14:14.253Z,null,null,NEVER_FAILED,null,null,null,NEVER_FAILED,null
2026-03-01,2026-03-31,SBT,CASH,WITHDRAWAL CONTROL,PASS,PASS,PASS,2026-04-06T22:14:14.253Z,null,null,NEVER_FAILED,null,null,null,NEVER_FAILED,null
2026-04-01,2026-04-01,SBT,ALL,SBT TAX CHANGE APPROVAL,FAIL,FAIL,FAIL,2026-04-06T22:14:14.253Z,2026-04-01T15:04:54.441Z,null,UNRESOLVED,null,2026-04-01T15:04:54.441Z,null,UNRESOLVED,null
2026-04-01,2026-04-01,SBT,ALL,SBT_INTERNAL BALANCES TO 0,PASS,PASS,PASS,2026-04-06T22:14:14.253Z,null,null,NEVER_FAILED,null,null,null,NEVER_FAILED,null
2026-04-01,2026-04-01,SBT,ALL,SBT_MANUAL BALANCES TO 0,PASS,PASS,PASS,2026-04-06T22:14:14.253Z,null,null,NEVER_FAILED,null,null,null,NEVER_FAILED,null
2026-04-01,2026-04-01,SBT,ALL,SBT_PAYMENT BALANCES TO 0,PASS,PASS,PASS,2026-04-06T22:14:14.253Z,null,null,NEVER_FAILED,null,null,null,NEVER_FAILED,null
2026-04-01,2026-04-01,SBT,ALL,SBT_SPORTSBOOK BALANCES TO 0,PASS,PASS,PASS,2026-04-06T22:14:14.253Z,null,null,NEVER_FAILED,null,null,null,NEVER_FAILED,null
2026-04-01,2026-04-01,SBT,ALL,SBT_WALLET BALANCES TO 0,PASS,PASS,PASS,2026-04-06T22:14:14.253Z,null,null,NEVER_FAILED,null,null,null,NEVER_FAILED,null
2026-04-01,2026-04-01,SBT,CASH,CUSTOMER BALANCES CASH,PASS,PASS,PASS,2026-04-06T22:14:14.253Z,2026-04-01T15:04:54.441Z,2026-04-01T22:13:48.782Z,RESOLVED,428,2026-04-01T15:04:54.441Z,2026-04-01T22:13:48.782Z,RESOLVED,428
2026-04-01,2026-04-01,SBT,CASH,DEPOSIT CONTROL DEPOSIT CASH,PASS,PASS,PASS,2026-04-06T22:14:14.253Z,null,null,NEVER_FAILED,null,null,null,NEVER_FAILED,null
2026-04-01,2026-04-01,SBT,CASH,MANUAL CONTROL,PASS,PASS,PASS,2026-04-06T22:14:14.253Z,null,null,NEVER_FAILED,null,null,null,NEVER_FAILED,null
2026-04-01,2026-04-01,SBT,CASH,OPEN BETS CASH,PASS,PASS,PASS,2026-04-06T22:14:14.253Z,2026-04-01T15:04:54.441Z,2026-04-01T22:13:48.782Z,RESOLVED,428,2026-04-01T15:04:54.441Z,2026-04-01T22:13:48.782Z,RESOLVED,428
2026-04-01,2026-04-01,SBT,CASH,SBT_BALANCE CUSTOMER BALANCES EXPECTED ROWCOUNT,PASS,PASS,PASS,2026-04-06T22:14:14.253Z,null,null,NEVER_FAILED,null,null,null,NEVER_FAILED,null
2026-04-01,2026-04-01,SBT,CASH,SPORTS CONTROL PAYOUT CASH,PASS,PASS,PASS,2026-04-06T22:14:14.253Z,null,null,NEVER_FAILED,null,null,null,NEVER_FAILED,null
2026-04-01,2026-04-01,SBT,CASH,SPORTS CONTROL PAYOUT REVERSAL CASH,PASS,PASS,PASS,2026-04-06T22:14:14.253Z,null,null,NEVER_FAILED,null,null,null,NEVER_FAILED,null
2026-04-01,2026-04-01,SBT,CASH,SPORTS CONTROL PLACED STAKE CASH,PASS,PASS,PASS,2026-04-06T22:14:14.253Z,null,null,NEVER_FAILED,null,null,null,NEVER_FAILED,null
2026-04-01,2026-04-01,SBT,CASH,SPORTS CONTROL STAKE REFUND CASH,PASS,PASS,PASS,2026-04-06T22:14:14.253Z,null,null,NEVER_FAILED,null,null,null,NEVER_FAILED,null
2026-04-01,2026-04-01,SBT,CASH,WITHDRAWAL CONTROL,PASS,PASS,PASS,2026-04-06T22:14:14.253Z,2026-04-01T15:04:54.441Z,2026-04-01T22:13:48.782Z,RESOLVED,428,2026-04-01T15:04:54.441Z,2026-04-01T22:13:48.782Z,RESOLVED,428
2026-04-01,2026-04-02,SBT,ALL,SBT_MANUAL BALANCES TO 0,PASS,PASS,PASS,2026-04-06T22:14:14.253Z,null,null,NEVER_FAILED,null,null,null,NEVER_FAILED,null
2026-04-01,2026-04-02,SBT,ALL,SBT_PAYMENT BALANCES TO 0,PASS,PASS,PASS,2026-04-06T22:14:14.253Z,null,null,NEVER_FAILED,null,null,null,NEVER_FAILED,null
2026-04-01,2026-04-02,SBT,ALL,SBT_SPORTSBOOK BALANCES TO 0,PASS,PASS,PASS,2026-04-06T22:14:14.253Z,null,null,NEVER_FAILED,null,null,null,NEVER_FAILED,null
2026-04-01,2026-04-02,SBT,ALL,SBT_WALLET BALANCES TO 0,PASS,PASS,PASS,2026-04-06T22:14:14.253Z,null,null,NEVER_FAILED,null,null,null,NEVER_FAILED,null
2026-04-01,2026-04-02,SBT,CASH,CUSTOMER BALANCES CASH,PASS,PASS,PASS,2026-04-06T22:14:14.253Z,2026-04-02T15:04:38.693Z,2026-04-02T22:14:09.338Z,RESOLVED,429,2026-04-02T15:04:38.693Z,2026-04-02T22:14:09.338Z,RESOLVED,429
2026-04-01,2026-04-02,SBT,CASH,DEPOSIT CONTROL DEPOSIT CASH,PASS,PASS,PASS,2026-04-06T22:14:14.253Z,null,null,NEVER_FAILED,null,null,null,NEVER_FAILED,null
2026-04-01,2026-04-02,SBT,CASH,MANUAL CONTROL,PASS,PASS,PASS,2026-04-06T22:14:14.253Z,null,null,NEVER_FAILED,null,null,null,NEVER_FAILED,null
2026-04-01,2026-04-02,SBT,CASH,OPEN BETS CASH,PASS,PASS,PASS,2026-04-06T22:14:14.253Z,2026-04-02T15:04:38.693Z,2026-04-02T22:14:09.338Z,RESOLVED,429,2026-04-02T15:04:38.693Z,2026-04-02T22:14:09.338Z,RESOLVED,429
2026-04-01,2026-04-02,SBT,CASH,SBT_BALANCE CUSTOMER BALANCES EXPECTED ROWCOUNT,PASS,PASS,PASS,2026-04-06T22:14:14.253Z,null,null,NEVER_FAILED,null,null,null,NEVER_FAILED,null
2026-04-01,2026-04-02,SBT,CASH,SPORTS CONTROL PAYOUT CASH,PASS,PASS,PASS,2026-04-06T22:14:14.253Z,null,null,NEVER_FAILED,null,null,null,NEVER_FAILED,null
2026-04-01,2026-04-02,SBT,CASH,SPORTS CONTROL PAYOUT REVERSAL CASH,PASS,PASS,PASS,2026-04-06T22:14:14.253Z,null,null,NEVER_FAILED,null,null,null,NEVER_FAILED,null
2026-04-01,2026-04-02,SBT,CASH,SPORTS CONTROL PLACED STAKE CASH,PASS,PASS,PASS,2026-04-06T22:14:14.253Z,null,null,NEVER_FAILED,null,null,null,NEVER_FAILED,null
2026-04-01,2026-04-02,SBT,CASH,SPORTS CONTROL STAKE REFUND CASH,PASS,PASS,PASS,2026-04-06T22:14:14.253Z,null,null,NEVER_FAILED,null,null,null,NEVER_FAILED,null
2026-04-01,2026-04-02,SBT,CASH,WITHDRAWAL CONTROL,PASS,PASS,PASS,2026-04-06T22:14:14.253Z,2026-04-02T15:04:38.693Z,2026-04-02T22:14:09.338Z,RESOLVED,429,2026-04-02T15:04:38.693Z,2026-04-02T22:14:09.338Z,RESOLVED,429
2026-04-01,2026-04-03,SBT,ALL,SBT_MANUAL BALANCES TO 0,PASS,PASS,PASS,2026-04-06T22:14:14.253Z,null,null,NEVER_FAILED,null,null,null,NEVER_FAILED,null
2026-04-01,2026-04-03,SBT,ALL,SBT_PAYMENT BALANCES TO 0,PASS,PASS,PASS,2026-04-06T22:14:14.253Z,null,null,NEVER_FAILED,null,null,null,NEVER_FAILED,null
2026-04-01,2026-04-03,SBT,ALL,SBT_SPORTSBOOK BALANCES TO 0,PASS,PASS,PASS,2026-04-06T22:14:14.253Z,null,null,NEVER_FAILED,null,null,null,NEVER_FAILED,null
2026-04-01,2026-04-03,SBT,ALL,SBT_WALLET BALANCES TO 0,PASS,PASS,PASS,2026-04-06T22:14:14.253Z,null,null,NEVER_FAILED,null,null,null,NEVER_FAILED,null
2026-04-01,2026-04-03,SBT,CASH,CUSTOMER BALANCES CASH,PASS,PASS,PASS,2026-04-06T22:14:14.253Z,2026-04-03T15:04:54.054Z,2026-04-03T22:15:00.187Z,RESOLVED,430,2026-04-03T15:04:54.054Z,2026-04-03T22:15:00.187Z,RESOLVED,430
2026-04-01,2026-04-03,SBT,CASH,DEPOSIT CONTROL DEPOSIT CASH,PASS,PASS,PASS,2026-04-06T22:14:14.253Z,null,null,NEVER_FAILED,null,null,null,NEVER_FAILED,null
2026-04-01,2026-04-03,SBT,CASH,MANUAL CONTROL,PASS,PASS,PASS,2026-04-06T22:14:14.253Z,null,null,NEVER_FAILED,null,null,null,NEVER_FAILED,null
2026-04-01,2026-04-03,SBT,CASH,OPEN BETS CASH,PASS,PASS,PASS,2026-04-06T22:14:14.253Z,2026-04-03T15:04:54.054Z,2026-04-03T22:15:00.187Z,RESOLVED,430,2026-04-03T15:04:54.054Z,2026-04-03T22:15:00.187Z,RESOLVED,430
2026-04-01,2026-04-03,SBT,CASH,SBT_BALANCE CUSTOMER BALANCES EXPECTED ROWCOUNT,PASS,PASS,PASS,2026-04-06T22:14:14.253Z,null,null,NEVER_FAILED,null,null,null,NEVER_FAILED,null
2026-04-01,2026-04-03,SBT,CASH,SPORTS CONTROL PAYOUT CASH,PASS,PASS,PASS,2026-04-06T22:14:14.253Z,null,null,NEVER_FAILED,null,null,null,NEVER_FAILED,null
2026-04-01,2026-04-03,SBT,CASH,SPORTS CONTROL PAYOUT REVERSAL CASH,PASS,PASS,PASS,2026-04-06T22:14:14.253Z,null,null,NEVER_FAILED,null,null,null,NEVER_FAILED,null
2026-04-01,2026-04-03,SBT,CASH,SPORTS CONTROL PLACED STAKE CASH,PASS,PASS,PASS,2026-04-06T22:14:14.253Z,null,null,NEVER_FAILED,null,null,null,NEVER_FAILED,null
2026-04-01,2026-04-03,SBT,CASH,SPORTS CONTROL STAKE REFUND CASH,PASS,PASS,PASS,2026-04-06T22:14:14.253Z,null,null,NEVER_FAILED,null,null,null,NEVER_FAILED,null
2026-04-01,2026-04-03,SBT,CASH,WITHDRAWAL CONTROL,PASS,PASS,PASS,2026-04-06T22:14:14.253Z,2026-04-03T15:04:54.054Z,2026-04-03T22:15:00.187Z,RESOLVED,430,2026-04-03T15:04:54.054Z,2026-04-03T22:15:00.187Z,RESOLVED,430
2026-04-01,2026-04-04,SBT,ALL,SBT_INTERNAL BALANCES TO 0,PASS,PASS,PASS,2026-04-06T22:14:14.253Z,null,null,NEVER_FAILED,null,null,null,NEVER_FAILED,null
2026-04-01,2026-04-04,SBT,ALL,SBT_MANUAL BALANCES TO 0,PASS,PASS,PASS,2026-04-06T22:14:14.253Z,null,null,NEVER_FAILED,null,null,null,NEVER_FAILED,null
2026-04-01,2026-04-04,SBT,ALL,SBT_PAYMENT BALANCES TO 0,PASS,PASS,PASS,2026-04-06T22:14:14.253Z,null,null,NEVER_FAILED,null,null,null,NEVER_FAILED,null
2026-04-01,2026-04-04,SBT,ALL,SBT_SPORTSBOOK BALANCES TO 0,PASS,PASS,PASS,2026-04-06T22:14:14.253Z,null,null,NEVER_FAILED,null,null,null,NEVER_FAILED,null
2026-04-01,2026-04-04,SBT,ALL,SBT_WALLET BALANCES TO 0,PASS,PASS,PASS,2026-04-06T22:14:14.253Z,null,null,NEVER_FAILED,null,null,null,NEVER_FAILED,null
2026-04-01,2026-04-04,SBT,CASH,CUSTOMER BALANCES CASH,PASS,PASS,PASS,2026-04-06T22:14:14.253Z,2026-04-04T22:10:52.579Z,2026-04-05T22:15:20.013Z,RESOLVED,1444,2026-04-04T22:10:52.579Z,2026-04-05T22:15:20.013Z,RESOLVED,1444
2026-04-01,2026-04-04,SBT,CASH,DEPOSIT CONTROL DEPOSIT CASH,PASS,PASS,PASS,2026-04-06T22:14:14.253Z,null,null,NEVER_FAILED,null,null,null,NEVER_FAILED,null
2026-04-01,2026-04-04,SBT,CASH,MANUAL CONTROL,PASS,PASS,PASS,2026-04-06T22:14:14.253Z,null,null,NEVER_FAILED,null,null,null,NEVER_FAILED,null
2026-04-01,2026-04-04,SBT,CASH,OPEN BETS CASH,PASS,PASS,PASS,2026-04-06T22:14:14.253Z,2026-04-04T22:10:52.579Z,2026-04-05T22:15:20.013Z,RESOLVED,1444,2026-04-04T22:10:52.579Z,2026-04-05T22:15:20.013Z,RESOLVED,1444
2026-04-01,2026-04-04,SBT,CASH,SBT_BALANCE CUSTOMER BALANCES EXPECTED ROWCOUNT,PASS,PASS,PASS,2026-04-06T22:14:14.253Z,null,null,NEVER_FAILED,null,null,null,NEVER_FAILED,null
2026-04-01,2026-04-04,SBT,CASH,SPORTS CONTROL PAYOUT CASH,PASS,PASS,PASS,2026-04-06T22:14:14.253Z,null,null,NEVER_FAILED,null,null,null,NEVER_FAILED,null
2026-04-01,2026-04-04,SBT,CASH,SPORTS CONTROL PAYOUT REVERSAL CASH,PASS,PASS,PASS,2026-04-06T22:14:14.253Z,null,null,NEVER_FAILED,null,null,null,NEVER_FAILED,null
2026-04-01,2026-04-04,SBT,CASH,SPORTS CONTROL PLACED STAKE CASH,PASS,PASS,PASS,2026-04-06T22:14:14.253Z,null,null,NEVER_FAILED,null,null,null,NEVER_FAILED,null
2026-04-01,2026-04-04,SBT,CASH,SPORTS CONTROL STAKE REFUND CASH,PASS,PASS,PASS,2026-04-06T22:14:14.253Z,null,null,NEVER_FAILED,null,null,null,NEVER_FAILED,null
2026-04-01,2026-04-04,SBT,CASH,WITHDRAWAL CONTROL,PASS,PASS,PASS,2026-04-06T22:14:14.253Z,2026-04-04T22:10:52.579Z,2026-04-05T22:15:20.013Z,RESOLVED,1444,2026-04-04T22:10:52.579Z,2026-04-05T22:15:20.013Z,RESOLVED,1444
2026-04-01,2026-04-05,SBT,ALL,SBT_MANUAL BALANCES TO 0,PASS,PASS,PASS,2026-04-06T22:14:14.253Z,null,null,NEVER_FAILED,null,null,null,NEVER_FAILED,null
2026-04-01,2026-04-05,SBT,ALL,SBT_PAYMENT BALANCES TO 0,PASS,PASS,PASS,2026-04-06T22:14:14.253Z,null,null,NEVER_FAILED,null,null,null,NEVER_FAILED,null
2026-04-01,2026-04-05,SBT,ALL,SBT_SPORTSBOOK BALANCES TO 0,PASS,PASS,PASS,2026-04-06T22:14:14.253Z,null,null,NEVER_FAILED,null,null,null,NEVER_FAILED,null
2026-04-01,2026-04-05,SBT,ALL,SBT_WALLET BALANCES TO 0,PASS,PASS,PASS,2026-04-06T22:14:14.253Z,null,null,NEVER_FAILED,null,null,null,NEVER_FAILED,null
2026-04-01,2026-04-05,SBT,CASH,CUSTOMER BALANCES CASH,PASS,PASS,PASS,2026-04-06T22:14:14.253Z,2026-04-05T22:15:20.013Z,2026-04-06T22:14:14.253Z,RESOLVED,1438,2026-04-05T22:15:20.013Z,2026-04-06T22:14:14.253Z,RESOLVED,1438
2026-04-01,2026-04-05,SBT,CASH,DEPOSIT CONTROL DEPOSIT CASH,PASS,PASS,PASS,2026-04-06T22:14:14.253Z,null,null,NEVER_FAILED,null,null,null,NEVER_FAILED,null
2026-04-01,2026-04-05,SBT,CASH,MANUAL CONTROL,PASS,PASS,PASS,2026-04-06T22:14:14.253Z,null,null,NEVER_FAILED,null,null,null,NEVER_FAILED,null
2026-04-01,2026-04-05,SBT,CASH,OPEN BETS CASH,PASS,PASS,PASS,2026-04-06T22:14:14.253Z,2026-04-05T22:15:20.013Z,2026-04-06T22:14:14.253Z,RESOLVED,1438,2026-04-05T22:15:20.013Z,2026-04-06T22:14:14.253Z,RESOLVED,1438
2026-04-01,2026-04-05,SBT,CASH,SBT_BALANCE CUSTOMER BALANCES EXPECTED ROWCOUNT,PASS,PASS,PASS,2026-04-06T22:14:14.253Z,null,null,NEVER_FAILED,null,null,null,NEVER_FAILED,null
2026-04-01,2026-04-05,SBT,CASH,SPORTS CONTROL PAYOUT CASH,PASS,PASS,PASS,2026-04-06T22:14:14.253Z,null,null,NEVER_FAILED,null,null,null,NEVER_FAILED,null
2026-04-01,2026-04-05,SBT,CASH,SPORTS CONTROL PAYOUT REVERSAL CASH,PASS,PASS,PASS,2026-04-06T22:14:14.253Z,null,null,NEVER_FAILED,null,null,null,NEVER_FAILED,null
2026-04-01,2026-04-05,SBT,CASH,SPORTS CONTROL PLACED STAKE CASH,PASS,PASS,PASS,2026-04-06T22:14:14.253Z,null,null,NEVER_FAILED,null,null,null,NEVER_FAILED,null
2026-04-01,2026-04-05,SBT,CASH,SPORTS CONTROL STAKE REFUND CASH,PASS,PASS,PASS,2026-04-06T22:14:14.253Z,null,null,NEVER_FAILED,null,null,null,NEVER_FAILED,null
2026-04-01,2026-04-05,SBT,CASH,WITHDRAWAL CONTROL,PASS,PASS,PASS,2026-04-06T22:14:14.253Z,2026-04-05T22:15:20.013Z,2026-04-06T22:14:14.253Z,RESOLVED,1438,2026-04-05T22:15:20.013Z,2026-04-06T22:14:14.253Z,RESOLVED,1438
2026-04-01,2026-04-06,SBT,CASH,CUSTOMER BALANCES CASH,FAIL,FAIL,FAIL,2026-04-06T22:14:14.253Z,2026-04-06T22:14:14.253Z,null,UNRESOLVED,null,2026-04-06T22:14:14.253Z,null,UNRESOLVED,null
2026-04-01,2026-04-06,SBT,CASH,OPEN BETS CASH,FAIL,FAIL,FAIL,2026-04-06T22:14:14.253Z,2026-04-06T22:14:14.253Z,null,UNRESOLVED,null,2026-04-06T22:14:14.253Z,null,UNRESOLVED,null
2026-04-01,2026-04-06,SBT,CASH,SBT_BALANCE CUSTOMER BALANCES EXPECTED ROWCOUNT,PASS,PASS,PASS,2026-04-06T22:14:14.253Z,null,null,NEVER_FAILED,null,null,null,NEVER_FAILED,null
2026-04-01,2026-04-06,SBT,CASH,WITHDRAWAL CONTROL,FAIL,FAIL,FAIL,2026-04-06T22:14:14.253Z,2026-04-06T22:14:14.253Z,null,UNRESOLVED,null,2026-04-06T22:14:14.253Z,null,UNRESOLVED,null
