reporting_month,reporting_date,brand,wallet_type,check_name,check_daily_value,check_mtd_value,daily_revenue_tolerance,mtd_revenue_tolerance,daily_epm_tolerance,mtd_epm_tolerance,revenue_status,epm_status,overall_status,latest_run_timestamp,revenue_first_failed_at,revenue_resolved_at,revenue_failure_lifecycle,revenue_resolution_hours,epm_first_failed_at,epm_resolved_at,epm_failure_lifecycle,epm_resolution_hours
2026-03-01,2026-03-14,SBT,ALL,SBT_INTERNAL BALANCES TO 0,0.0000,0.0000,0,-1,0,-1,PASS,PASS,PASS,2026-04-14T01:05:05.073Z,null,null,NEVER_FAILED,null,null,null,NEVER_FAILED,null
2026-03-01,2026-03-14,SBT,ALL,SBT_MANUAL BALANCES TO 0,0.0000,0.0000,0,-1,0,-1,PASS,PASS,PASS,2026-04-14T01:05:05.073Z,null,null,NEVER_FAILED,null,null,null,NEVER_FAILED,null
2026-03-01,2026-03-14,SBT,ALL,SBT_PAYMENT BALANCES TO 0,0.0000,0.0000,0,-1,0,-1,PASS,PASS,PASS,2026-04-14T01:05:05.073Z,null,null,NEVER_FAILED,null,null,null,NEVER_FAILED,null
2026-03-01,2026-03-14,SBT,ALL,SBT_SPORTSBOOK BALANCES TO 0,0.0000,0.0000,0,-1,0,-1,PASS,PASS,PASS,2026-04-14T01:05:05.073Z,null,null,NEVER_FAILED,null,null,null,NEVER_FAILED,null
2026-03-01,2026-03-14,SBT,ALL,SBT_WALLET BALANCES TO 0,-20.0000,0.0000,10000,-1,10000,-1,PASS,PASS,PASS,2026-04-14T01:05:05.073Z,null,null,NEVER_FAILED,null,null,null,NEVER_FAILED,null
2026-03-01,2026-03-14,SBT,CASH,CUSTOMER BALANCES CASH,-20.0000,0.0000,20000,-1,100000,-1,PASS,PASS,PASS,2026-04-14T01:05:05.073Z,null,null,NEVER_FAILED,null,null,null,NEVER_FAILED,null
2026-03-01,2026-03-14,SBT,CASH,DEPOSIT CONTROL DEPOSIT CASH,0.0000,0.0000,20000,100000,-1,-1,PASS,PASS,PASS,2026-04-14T01:05:05.073Z,null,null,NEVER_FAILED,null,null,null,NEVER_FAILED,null
2026-03-01,2026-03-14,SBT,CASH,MANUAL CONTROL,0.0000,120.0000,20000,100000,100000,500000,PASS,PASS,PASS,2026-04-14T01:05:05.073Z,null,null,NEVER_FAILED,null,null,null,NEVER_FAILED,null
2026-03-01,2026-03-14,SBT,CASH,OPEN BETS CASH,117.4809,-188.6097,20000,100000,100000,500000,PASS,PASS,PASS,2026-04-14T01:05:05.073Z,null,null,NEVER_FAILED,null,null,null,NEVER_FAILED,null
2026-03-01,2026-03-14,SBT,CASH,SBT_BALANCE CUSTOMER BALANCES EXPECTED ROWCOUNT,0.0000,0.0000,0,-1,0,-1,PASS,PASS,PASS,2026-04-14T01:05:05.073Z,null,null,NEVER_FAILED,null,null,null,NEVER_FAILED,null
2026-03-01,2026-03-14,SBT,CASH,SPORTS CONTROL PAYOUT CASH,-0.7572,526.3318,20000,100000,100000,500000,PASS,PASS,PASS,2026-04-14T01:05:05.073Z,null,null,NEVER_FAILED,null,null,null,NEVER_FAILED,null
2026-03-01,2026-03-14,SBT,CASH,SPORTS CONTROL PAYOUT REVERSAL CASH,-1.2489,-1844.7594,20000,100000,100000,500000,PASS,PASS,PASS,2026-04-14T01:05:05.073Z,null,null,NEVER_FAILED,null,null,null,NEVER_FAILED,null
2026-03-01,2026-03-14,SBT,CASH,SPORTS CONTROL PLACED STAKE CASH,103.5525,125.5711,20000,100000,100000,500000,PASS,PASS,PASS,2026-04-14T01:05:05.073Z,null,null,NEVER_FAILED,null,null,null,NEVER_FAILED,null
2026-03-01,2026-03-14,SBT,CASH,SPORTS CONTROL STAKE REFUND CASH,1.2535,1844.6995,20000,100000,100000,500000,PASS,PASS,PASS,2026-04-14T01:05:05.073Z,null,null,NEVER_FAILED,null,null,null,NEVER_FAILED,null
2026-03-01,2026-03-14,SBT,CASH,WITHDRAWAL CONTROL,0.0000,178.7500,20000,100000,100000,500000,PASS,PASS,PASS,2026-04-14T01:05:05.073Z,null,null,NEVER_FAILED,null,null,null,NEVER_FAILED,null
2026-03-01,2026-03-15,SBT,ALL,SBT_MANUAL BALANCES TO 0,0.0000,0.0000,0,-1,0,-1,PASS,PASS,PASS,2026-04-14T01:05:05.073Z,null,null,NEVER_FAILED,null,null,null,NEVER_FAILED,null
2026-03-01,2026-03-15,SBT,ALL,SBT_PAYMENT BALANCES TO 0,0.0000,0.0000,0,-1,0,-1,PASS,PASS,PASS,2026-04-14T01:05:05.073Z,null,null,NEVER_FAILED,null,null,null,NEVER_FAILED,null
2026-03-01,2026-03-15,SBT,ALL,SBT_SPORTSBOOK BALANCES TO 0,0.0000,0.0000,0,-1,0,-1,PASS,PASS,PASS,2026-04-14T01:05:05.073Z,null,null,NEVER_FAILED,null,null,null,NEVER_FAILED,null
2026-03-01,2026-03-15,SBT,ALL,SBT_WALLET BALANCES TO 0,0.0000,0.0000,10000,-1,10000,-1,PASS,PASS,PASS,2026-04-14T01:05:05.073Z,null,null,NEVER_FAILED,null,null,null,NEVER_FAILED,null
2026-03-01,2026-03-15,SBT,CASH,CUSTOMER BALANCES CASH,0.0000,0.0000,20000,-1,100000,-1,PASS,PASS,PASS,2026-04-14T01:05:05.073Z,null,null,NEVER_FAILED,null,null,null,NEVER_FAILED,null
2026-03-01,2026-03-15,SBT,CASH,DEPOSIT CONTROL DEPOSIT CASH,0.0000,0.0000,20000,100000,-1,-1,PASS,PASS,PASS,2026-04-14T01:05:05.073Z,null,null,NEVER_FAILED,null,null,null,NEVER_FAILED,null
2026-03-01,2026-03-15,SBT,CASH,MANUAL CONTROL,0.0000,120.0000,20000,100000,100000,500000,PASS,PASS,PASS,2026-04-14T01:05:05.073Z,null,null,NEVER_FAILED,null,null,null,NEVER_FAILED,null
2026-03-01,2026-03-15,SBT,CASH,OPEN BETS CASH,-388.8470,-577.4567,20000,100000,100000,500000,PASS,PASS,PASS,2026-04-14T01:05:05.073Z,null,null,NEVER_FAILED,null,null,null,NEVER_FAILED,null
2026-03-01,2026-03-15,SBT,CASH,SBT_BALANCE CUSTOMER BALANCES EXPECTED ROWCOUNT,0.0000,0.0000,0,-1,0,-1,PASS,PASS,PASS,2026-04-14T01:05:05.073Z,null,null,NEVER_FAILED,null,null,null,NEVER_FAILED,null
2026-03-01,2026-03-15,SBT,CASH,SPORTS CONTROL PAYOUT CASH,-0.3700,525.9618,20000,100000,100000,500000,PASS,PASS,PASS,2026-04-14T01:05:05.073Z,null,null,NEVER_FAILED,null,null,null,NEVER_FAILED,null
2026-03-01,2026-03-15,SBT,CASH,SPORTS CONTROL PAYOUT REVERSAL CASH,-0.4502,-1845.2096,20000,100000,100000,500000,PASS,PASS,PASS,2026-04-14T01:05:05.073Z,null,null,NEVER_FAILED,null,null,null,NEVER_FAILED,null
2026-03-01,2026-03-15,SBT,CASH,SPORTS CONTROL PLACED STAKE CASH,-98.1540,27.4171,20000,100000,100000,500000,PASS,PASS,PASS,2026-04-14T01:05:05.073Z,null,null,NEVER_FAILED,null,null,null,NEVER_FAILED,null
2026-03-01,2026-03-15,SBT,CASH,SPORTS CONTROL STAKE REFUND CASH,0.4434,1845.1429,20000,100000,100000,500000,PASS,PASS,PASS,2026-04-14T01:05:05.073Z,null,null,NEVER_FAILED,null,null,null,NEVER_FAILED,null
2026-03-01,2026-03-15,SBT,CASH,WITHDRAWAL CONTROL,0.0000,178.7500,20000,100000,100000,500000,PASS,PASS,PASS,2026-04-14T01:05:05.073Z,null,null,NEVER_FAILED,null,null,null,NEVER_FAILED,null
2026-03-01,2026-03-16,SBT,ALL,SBT_MANUAL BALANCES TO 0,0.0000,0.0000,0,-1,0,-1,PASS,PASS,PASS,2026-04-14T01:05:05.073Z,null,null,NEVER_FAILED,null,null,null,NEVER_FAILED,null
2026-03-01,2026-03-16,SBT,ALL,SBT_PAYMENT BALANCES TO 0,0.0000,0.0000,0,-1,0,-1,PASS,PASS,PASS,2026-04-14T01:05:05.073Z,null,null,NEVER_FAILED,null,null,null,NEVER_FAILED,null
2026-03-01,2026-03-16,SBT,ALL,SBT_SPORTSBOOK BALANCES TO 0,0.0000,0.0000,0,-1,0,-1,PASS,PASS,PASS,2026-04-14T01:05:05.073Z,null,null,NEVER_FAILED,null,null,null,NEVER_FAILED,null
2026-03-01,2026-03-16,SBT,ALL,SBT_WALLET BALANCES TO 0,0.0000,0.0000,10000,-1,10000,-1,PASS,PASS,PASS,2026-04-14T01:05:05.073Z,null,null,NEVER_FAILED,null,null,null,NEVER_FAILED,null
2026-03-01,2026-03-16,SBT,CASH,CUSTOMER BALANCES CASH,0.0000,0.0000,20000,-1,100000,-1,PASS,PASS,PASS,2026-04-14T01:05:05.073Z,null,null,NEVER_FAILED,null,null,null,NEVER_FAILED,null
2026-03-01,2026-03-16,SBT,CASH,DEPOSIT CONTROL DEPOSIT CASH,0.0000,0.0000,20000,100000,-1,-1,PASS,PASS,PASS,2026-04-14T01:05:05.073Z,null,null,NEVER_FAILED,null,null,null,NEVER_FAILED,null
2026-03-01,2026-03-16,SBT,CASH,MANUAL CONTROL,0.0000,120.0000,20000,100000,100000,500000,PASS,PASS,PASS,2026-04-14T01:05:05.073Z,null,null,NEVER_FAILED,null,null,null,NEVER_FAILED,null
2026-03-01,2026-03-16,SBT,CASH,OPEN BETS CASH,-185.3249,-762.7816,20000,100000,100000,500000,PASS,PASS,PASS,2026-04-14T01:05:05.073Z,null,null,NEVER_FAILED,null,null,null,NEVER_FAILED,null
2026-03-01,2026-03-16,SBT,CASH,SBT_BALANCE CUSTOMER BALANCES EXPECTED ROWCOUNT,0.0000,0.0000,0,-1,0,-1,PASS,PASS,PASS,2026-04-14T01:05:05.073Z,null,null,NEVER_FAILED,null,null,null,NEVER_FAILED,null
2026-03-01,2026-03-16,SBT,CASH,SPORTS CONTROL PAYOUT CASH,-0.0388,525.9230,20000,100000,100000,500000,PASS,PASS,PASS,2026-04-14T01:05:05.073Z,null,null,NEVER_FAILED,null,null,null,NEVER_FAILED,null
2026-03-01,2026-03-16,SBT,CASH,SPORTS CONTROL PAYOUT REVERSAL CASH,-0.0001,-1845.2097,20000,100000,100000,500000,PASS,PASS,PASS,2026-04-14T01:05:05.073Z,null,null,NEVER_FAILED,null,null,null,NEVER_FAILED,null
2026-03-01,2026-03-16,SBT,CASH,SPORTS CONTROL PLACED STAKE CASH,1.1818,28.5989,20000,100000,100000,500000,PASS,PASS,PASS,2026-04-14T01:05:05.073Z,null,null,NEVER_FAILED,null,null,null,NEVER_FAILED,null
2026-03-01,2026-03-16,SBT,CASH,SPORTS CONTROL STAKE REFUND CASH,-0.0292,1845.1137,20000,100000,100000,500000,PASS,PASS,PASS,2026-04-14T01:05:05.073Z,null,null,NEVER_FAILED,null,null,null,NEVER_FAILED,null
2026-03-01,2026-03-16,SBT,CASH,WITHDRAWAL CONTROL,0.0000,178.7500,20000,100000,100000,500000,PASS,PASS,PASS,2026-04-14T01:05:05.073Z,null,null,NEVER_FAILED,null,null,null,NEVER_FAILED,null
2026-03-01,2026-03-17,SBT,ALL,SBT_INTERNAL BALANCES TO 0,0.0000,0.0000,0,-1,0,-1,PASS,PASS,PASS,2026-04-14T01:05:05.073Z,null,null,NEVER_FAILED,null,null,null,NEVER_FAILED,null
2026-03-01,2026-03-17,SBT,ALL,SBT_MANUAL BALANCES TO 0,0.0000,0.0000,0,-1,0,-1,PASS,PASS,PASS,2026-04-14T01:05:05.073Z,null,null,NEVER_FAILED,null,null,null,NEVER_FAILED,null
2026-03-01,2026-03-17,SBT,ALL,SBT_PAYMENT BALANCES TO 0,0.0000,0.0000,0,-1,0,-1,PASS,PASS,PASS,2026-04-14T01:05:05.073Z,null,null,NEVER_FAILED,null,null,null,NEVER_FAILED,null
2026-03-01,2026-03-17,SBT,ALL,SBT_SPORTSBOOK BALANCES TO 0,0.0000,0.0000,0,-1,0,-1,PASS,PASS,PASS,2026-04-14T01:05:05.073Z,null,null,NEVER_FAILED,null,null,null,NEVER_FAILED,null
2026-03-01,2026-03-17,SBT,ALL,SBT_WALLET BALANCES TO 0,0.0000,0.0000,10000,-1,10000,-1,PASS,PASS,PASS,2026-04-14T01:05:05.073Z,null,null,NEVER_FAILED,null,null,null,NEVER_FAILED,null
2026-03-01,2026-03-17,SBT,CASH,CUSTOMER BALANCES CASH,0.0000,0.0000,20000,-1,100000,-1,PASS,PASS,PASS,2026-04-14T01:05:05.073Z,null,null,NEVER_FAILED,null,null,null,NEVER_FAILED,null
2026-03-01,2026-03-17,SBT,CASH,DEPOSIT CONTROL DEPOSIT CASH,0.0000,0.0000,20000,100000,-1,-1,PASS,PASS,PASS,2026-04-14T01:05:05.073Z,null,null,NEVER_FAILED,null,null,null,NEVER_FAILED,null
2026-03-01,2026-03-17,SBT,CASH,MANUAL CONTROL,0.0000,120.0000,20000,100000,100000,500000,PASS,PASS,PASS,2026-04-14T01:05:05.073Z,null,null,NEVER_FAILED,null,null,null,NEVER_FAILED,null
2026-03-01,2026-03-17,SBT,CASH,OPEN BETS CASH,-63.1059,-825.8875,20000,100000,100000,500000,PASS,PASS,PASS,2026-04-14T01:05:05.073Z,null,null,NEVER_FAILED,null,null,null,NEVER_FAILED,null
2026-03-01,2026-03-17,SBT,CASH,SBT_BALANCE CUSTOMER BALANCES EXPECTED ROWCOUNT,0.0000,0.0000,0,-1,0,-1,PASS,PASS,PASS,2026-04-14T01:05:05.073Z,null,null,NEVER_FAILED,null,null,null,NEVER_FAILED,null
2026-03-01,2026-03-17,SBT,CASH,SPORTS CONTROL PAYOUT CASH,-0.2227,525.7003,20000,100000,100000,500000,PASS,PASS,PASS,2026-04-14T01:05:05.073Z,null,null,NEVER_FAILED,null,null,null,NEVER_FAILED,null
2026-03-01,2026-03-17,SBT,CASH,SPORTS CONTROL PAYOUT REVERSAL CASH,-0.0191,-1845.2288,20000,100000,100000,500000,PASS,PASS,PASS,2026-04-14T01:05:05.073Z,null,null,NEVER_FAILED,null,null,null,NEVER_FAILED,null
2026-03-01,2026-03-17,SBT,CASH,SPORTS CONTROL PLACED STAKE CASH,1.9267,30.5256,20000,100000,100000,500000,PASS,PASS,PASS,2026-04-14T01:05:05.073Z,null,null,NEVER_FAILED,null,null,null,NEVER_FAILED,null
2026-03-01,2026-03-17,SBT,CASH,SPORTS CONTROL STAKE REFUND CASH,0.0168,1845.1305,20000,100000,100000,500000,PASS,PASS,PASS,2026-04-14T01:05:05.073Z,null,null,NEVER_FAILED,null,null,null,NEVER_FAILED,null
2026-03-01,2026-03-17,SBT,CASH,WITHDRAWAL CONTROL,0.0000,178.7500,20000,100000,100000,500000,PASS,PASS,PASS,2026-04-14T01:05:05.073Z,null,null,NEVER_FAILED,null,null,null,NEVER_FAILED,null
2026-03-01,2026-03-18,SBT,ALL,SBT_MANUAL BALANCES TO 0,0.0000,0.0000,0,-1,0,-1,PASS,PASS,PASS,2026-04-14T01:05:05.073Z,null,null,NEVER_FAILED,null,null,null,NEVER_FAILED,null
2026-03-01,2026-03-18,SBT,ALL,SBT_PAYMENT BALANCES TO 0,0.0000,0.0000,0,-1,0,-1,PASS,PASS,PASS,2026-04-14T01:05:05.073Z,null,null,NEVER_FAILED,null,null,null,NEVER_FAILED,null
2026-03-01,2026-03-18,SBT,ALL,SBT_SPORTSBOOK BALANCES TO 0,0.0000,0.0000,0,-1,0,-1,PASS,PASS,PASS,2026-04-14T01:05:05.073Z,null,null,NEVER_FAILED,null,null,null,NEVER_FAILED,null
2026-03-01,2026-03-18,SBT,ALL,SBT_WALLET BALANCES TO 0,0.0000,0.0000,10000,-1,10000,-1,PASS,PASS,PASS,2026-04-14T01:05:05.073Z,null,null,NEVER_FAILED,null,null,null,NEVER_FAILED,null
2026-03-01,2026-03-18,SBT,CASH,CUSTOMER BALANCES CASH,0.0000,0.0000,20000,-1,100000,-1,PASS,PASS,PASS,2026-04-14T01:05:05.073Z,null,null,NEVER_FAILED,null,null,null,NEVER_FAILED,null
2026-03-01,2026-03-18,SBT,CASH,DEPOSIT CONTROL DEPOSIT CASH,0.0000,0.0000,20000,100000,-1,-1,PASS,PASS,PASS,2026-04-14T01:05:05.073Z,null,null,NEVER_FAILED,null,null,null,NEVER_FAILED,null
2026-03-01,2026-03-18,SBT,CASH,MANUAL CONTROL,0.0000,120.0000,20000,100000,100000,500000,PASS,PASS,PASS,2026-04-14T01:05:05.073Z,null,null,NEVER_FAILED,null,null,null,NEVER_FAILED,null
2026-03-01,2026-03-18,SBT,CASH,OPEN BETS CASH,-146.9908,-972.8783,20000,100000,100000,500000,PASS,PASS,PASS,2026-04-14T01:05:05.073Z,null,null,NEVER_FAILED,null,null,null,NEVER_FAILED,null
2026-03-01,2026-03-18,SBT,CASH,SBT_BALANCE CUSTOMER BALANCES EXPECTED ROWCOUNT,0.0000,0.0000,0,-1,0,-1,PASS,PASS,PASS,2026-04-14T01:05:05.073Z,null,null,NEVER_FAILED,null,null,null,NEVER_FAILED,null
2026-03-01,2026-03-18,SBT,CASH,SPORTS CONTROL PAYOUT CASH,-54.2673,471.4330,20000,100000,100000,500000,PASS,PASS,PASS,2026-04-14T01:05:05.073Z,null,null,NEVER_FAILED,null,null,null,NEVER_FAILED,null
2026-03-01,2026-03-18,SBT,CASH,SPORTS CONTROL PAYOUT REVERSAL CASH,0.0001,-1845.2287,20000,100000,100000,500000,PASS,PASS,PASS,2026-04-14T01:05:05.073Z,null,null,NEVER_FAILED,null,null,null,NEVER_FAILED,null
2026-03-01,2026-03-18,SBT,CASH,SPORTS CONTROL PLACED STAKE CASH,2.5146,33.0402,20000,100000,100000,500000,PASS,PASS,PASS,2026-04-14T01:05:05.073Z,null,null,NEVER_FAILED,null,null,null,NEVER_FAILED,null
2026-03-01,2026-03-18,SBT,CASH,SPORTS CONTROL STAKE REFUND CASH,-0.0104,1845.1201,20000,100000,100000,500000,PASS,PASS,PASS,2026-04-14T01:05:05.073Z,null,null,NEVER_FAILED,null,null,null,NEVER_FAILED,null
2026-03-01,2026-03-18,SBT,CASH,WITHDRAWAL CONTROL,0.0000,178.7500,20000,100000,100000,500000,PASS,PASS,PASS,2026-04-14T01:05:05.073Z,null,null,NEVER_FAILED,null,null,null,NEVER_FAILED,null
2026-03-01,2026-03-19,SBT,ALL,SBT_MANUAL BALANCES TO 0,0.0000,0.0000,0,-1,0,-1,PASS,PASS,PASS,2026-04-14T01:05:05.073Z,null,null,NEVER_FAILED,null,null,null,NEVER_FAILED,null
2026-03-01,2026-03-19,SBT,ALL,SBT_PAYMENT BALANCES TO 0,0.0000,0.0000,0,-1,0,-1,PASS,PASS,PASS,2026-04-14T01:05:05.073Z,null,null,NEVER_FAILED,null,null,null,NEVER_FAILED,null
2026-03-01,2026-03-19,SBT,ALL,SBT_SPORTSBOOK BALANCES TO 0,0.0000,0.0000,0,-1,0,-1,PASS,PASS,PASS,2026-04-14T01:05:05.073Z,null,null,NEVER_FAILED,null,null,null,NEVER_FAILED,null
2026-03-01,2026-03-19,SBT,ALL,SBT_WALLET BALANCES TO 0,0.0000,0.0000,10000,-1,10000,-1,PASS,PASS,PASS,2026-04-14T01:05:05.073Z,2026-03-19T22:14:27.905Z,2026-03-20T22:15:31.378Z,RESOLVED,24,2026-03-19T22:14:27.905Z,2026-03-20T22:15:31.378Z,RESOLVED,24
2026-03-01,2026-03-19,SBT,CASH,CUSTOMER BALANCES CASH,0.0000,0.0000,20000,-1,100000,-1,PASS,PASS,PASS,2026-04-14T01:05:05.073Z,null,null,NEVER_FAILED,null,null,null,NEVER_FAILED,null
2026-03-01,2026-03-19,SBT,CASH,DEPOSIT CONTROL DEPOSIT CASH,0.0000,0.0000,20000,100000,-1,-1,PASS,PASS,PASS,2026-04-14T01:05:05.073Z,null,null,NEVER_FAILED,null,null,null,NEVER_FAILED,null
2026-03-01,2026-03-19,SBT,CASH,MANUAL CONTROL,0.0000,120.0000,20000,100000,100000,500000,PASS,PASS,PASS,2026-04-14T01:05:05.073Z,null,null,NEVER_FAILED,null,null,null,NEVER_FAILED,null
2026-03-01,2026-03-19,SBT,CASH,OPEN BETS CASH,773.3990,-199.4793,20000,100000,100000,500000,PASS,PASS,PASS,2026-04-14T01:05:05.073Z,2026-03-19T22:14:27.905Z,2026-03-20T22:15:31.378Z,RESOLVED,24,2026-03-19T22:14:27.905Z,2026-03-20T22:15:31.378Z,RESOLVED,24
2026-03-01,2026-03-19,SBT,CASH,SBT_BALANCE CUSTOMER BALANCES EXPECTED ROWCOUNT,0.0000,0.0000,0,-1,0,-1,PASS,PASS,PASS,2026-04-14T01:05:05.073Z,null,null,NEVER_FAILED,null,null,null,NEVER_FAILED,null
2026-03-01,2026-03-19,SBT,CASH,SPORTS CONTROL PAYOUT CASH,53.7885,525.2215,20000,100000,100000,500000,PASS,PASS,PASS,2026-04-14T01:05:05.073Z,null,null,NEVER_FAILED,null,null,null,NEVER_FAILED,null
2026-03-01,2026-03-19,SBT,CASH,SPORTS CONTROL PAYOUT REVERSAL CASH,-0.2001,-1845.4288,20000,100000,100000,500000,PASS,PASS,PASS,2026-04-14T01:05:05.073Z,null,null,NEVER_FAILED,null,null,null,NEVER_FAILED,null
2026-03-01,2026-03-19,SBT,CASH,SPORTS CONTROL PLACED STAKE CASH,4.3449,37.3851,20000,100000,100000,500000,PASS,PASS,PASS,2026-04-14T01:05:05.073Z,null,null,NEVER_FAILED,null,null,null,NEVER_FAILED,null
2026-03-01,2026-03-19,SBT,CASH,SPORTS CONTROL STAKE REFUND CASH,0.1869,1845.3070,20000,100000,100000,500000,PASS,PASS,PASS,2026-04-14T01:05:05.073Z,null,null,NEVER_FAILED,null,null,null,NEVER_FAILED,null
2026-03-01,2026-03-19,SBT,CASH,WITHDRAWAL CONTROL,0.0000,178.7500,20000,100000,100000,500000,PASS,PASS,PASS,2026-04-14T01:05:05.073Z,null,null,NEVER_FAILED,null,null,null,NEVER_FAILED,null
2026-03-01,2026-03-20,SBT,ALL,SBT_INTERNAL BALANCES TO 0,0.0000,0.0000,0,-1,0,-1,PASS,PASS,PASS,2026-04-14T01:05:05.073Z,null,null,NEVER_FAILED,null,null,null,NEVER_FAILED,null
2026-03-01,2026-03-20,SBT,ALL,SBT_MANUAL BALANCES TO 0,0.0000,0.0000,0,-1,0,-1,PASS,PASS,PASS,2026-04-14T01:05:05.073Z,null,null,NEVER_FAILED,null,null,null,NEVER_FAILED,null
2026-03-01,2026-03-20,SBT,ALL,SBT_PAYMENT BALANCES TO 0,0.0000,0.0000,0,-1,0,-1,PASS,PASS,PASS,2026-04-14T01:05:05.073Z,null,null,NEVER_FAILED,null,null,null,NEVER_FAILED,null
2026-03-01,2026-03-20,SBT,ALL,SBT_SPORTSBOOK BALANCES TO 0,0.0000,0.0000,0,-1,0,-1,PASS,PASS,PASS,2026-04-14T01:05:05.073Z,null,null,NEVER_FAILED,null,null,null,NEVER_FAILED,null
2026-03-01,2026-03-20,SBT,ALL,SBT_WALLET BALANCES TO 0,0.0000,0.0000,10000,-1,10000,-1,PASS,PASS,PASS,2026-04-14T01:05:05.073Z,null,null,NEVER_FAILED,null,null,null,NEVER_FAILED,null
2026-03-01,2026-03-20,SBT,CASH,CUSTOMER BALANCES CASH,0.0000,0.0000,20000,-1,100000,-1,PASS,PASS,PASS,2026-04-14T01:05:05.073Z,null,null,NEVER_FAILED,null,null,null,NEVER_FAILED,null
2026-03-01,2026-03-20,SBT,CASH,DEPOSIT CONTROL DEPOSIT CASH,0.0000,0.0000,20000,100000,-1,-1,PASS,PASS,PASS,2026-04-14T01:05:05.073Z,null,null,NEVER_FAILED,null,null,null,NEVER_FAILED,null
2026-03-01,2026-03-20,SBT,CASH,MANUAL CONTROL,0.0000,120.0000,20000,100000,100000,500000,PASS,PASS,PASS,2026-04-14T01:05:05.073Z,null,null,NEVER_FAILED,null,null,null,NEVER_FAILED,null
2026-03-01,2026-03-20,SBT,CASH,OPEN BETS CASH,-2241.0328,-2440.5121,20000,100000,100000,500000,PASS,PASS,PASS,2026-04-14T01:05:05.073Z,null,null,NEVER_FAILED,null,null,null,NEVER_FAILED,null
2026-03-01,2026-03-20,SBT,CASH,SBT_BALANCE CUSTOMER BALANCES EXPECTED ROWCOUNT,0.0000,0.0000,0,-1,0,-1,PASS,PASS,PASS,2026-04-14T01:05:05.073Z,null,null,NEVER_FAILED,null,null,null,NEVER_FAILED,null
2026-03-01,2026-03-20,SBT,CASH,SPORTS CONTROL PAYOUT CASH,-0.2292,524.9923,20000,100000,100000,500000,PASS,PASS,PASS,2026-04-14T01:05:05.073Z,null,null,NEVER_FAILED,null,null,null,NEVER_FAILED,null
2026-03-01,2026-03-20,SBT,CASH,SPORTS CONTROL PAYOUT REVERSAL CASH,-44.4758,-1889.9046,20000,100000,100000,500000,PASS,PASS,PASS,2026-04-14T01:05:05.073Z,null,null,NEVER_FAILED,null,null,null,NEVER_FAILED,null
2026-03-01,2026-03-20,SBT,CASH,SPORTS CONTROL PLACED STAKE CASH,2.7692,40.1543,20000,100000,100000,500000,PASS,PASS,PASS,2026-04-14T01:05:05.073Z,null,null,NEVER_FAILED,null,null,null,NEVER_FAILED,null
2026-03-01,2026-03-20,SBT,CASH,SPORTS CONTROL STAKE REFUND CASH,44.4647,1889.7717,20000,100000,100000,500000,PASS,PASS,PASS,2026-04-14T01:05:05.073Z,null,null,NEVER_FAILED,null,null,null,NEVER_FAILED,null
2026-03-01,2026-03-20,SBT,CASH,WITHDRAWAL CONTROL,0.0000,178.7500,20000,100000,100000,500000,PASS,PASS,PASS,2026-04-14T01:05:05.073Z,null,null,NEVER_FAILED,null,null,null,NEVER_FAILED,null
2026-03-01,2026-03-21,SBT,ALL,SBT_INTERNAL BALANCES TO 0,0.0000,0.0000,0,-1,0,-1,PASS,PASS,PASS,2026-04-14T01:05:05.073Z,null,null,NEVER_FAILED,null,null,null,NEVER_FAILED,null
2026-03-01,2026-03-21,SBT,ALL,SBT_MANUAL BALANCES TO 0,0.0000,0.0000,0,-1,0,-1,PASS,PASS,PASS,2026-04-14T01:05:05.073Z,null,null,NEVER_FAILED,null,null,null,NEVER_FAILED,null
2026-03-01,2026-03-21,SBT,ALL,SBT_PAYMENT BALANCES TO 0,0.0000,0.0000,0,-1,0,-1,PASS,PASS,PASS,2026-04-14T01:05:05.073Z,null,null,NEVER_FAILED,null,null,null,NEVER_FAILED,null
2026-03-01,2026-03-21,SBT,ALL,SBT_SPORTSBOOK BALANCES TO 0,0.0000,0.0000,0,-1,0,-1,PASS,PASS,PASS,2026-04-14T01:05:05.073Z,null,null,NEVER_FAILED,null,null,null,NEVER_FAILED,null
2026-03-01,2026-03-21,SBT,ALL,SBT_WALLET BALANCES TO 0,0.0000,0.0000,10000,-1,10000,-1,PASS,PASS,PASS,2026-04-14T01:05:05.073Z,2026-03-21T22:16:06.764Z,2026-03-22T22:14:05.262Z,RESOLVED,23,2026-03-21T22:16:06.764Z,2026-03-22T22:14:05.262Z,RESOLVED,23
2026-03-01,2026-03-21,SBT,CASH,CUSTOMER BALANCES CASH,0.0000,0.0000,20000,-1,100000,-1,PASS,PASS,PASS,2026-04-14T01:05:05.073Z,2026-03-21T22:16:06.764Z,2026-03-22T22:14:05.262Z,RESOLVED,23,2026-03-21T22:16:06.764Z,2026-03-22T22:14:05.262Z,RESOLVED,23
2026-03-01,2026-03-21,SBT,CASH,DEPOSIT CONTROL DEPOSIT CASH,0.0000,0.0000,20000,100000,-1,-1,PASS,PASS,PASS,2026-04-14T01:05:05.073Z,null,null,NEVER_FAILED,null,null,null,NEVER_FAILED,null
2026-03-01,2026-03-21,SBT,CASH,MANUAL CONTROL,0.0000,120.0000,20000,100000,100000,500000,PASS,PASS,PASS,2026-04-14T01:05:05.073Z,null,null,NEVER_FAILED,null,null,null,NEVER_FAILED,null
2026-03-01,2026-03-21,SBT,CASH,OPEN BETS CASH,2172.1802,-268.3319,20000,100000,100000,500000,PASS,PASS,PASS,2026-04-14T01:05:05.073Z,null,null,NEVER_FAILED,null,null,null,NEVER_FAILED,null
2026-03-01,2026-03-21,SBT,CASH,SBT_BALANCE CUSTOMER BALANCES EXPECTED ROWCOUNT,0.0000,0.0000,0,-1,0,-1,PASS,PASS,PASS,2026-04-14T01:05:05.073Z,null,null,NEVER_FAILED,null,null,null,NEVER_FAILED,null
2026-03-01,2026-03-21,SBT,CASH,SPORTS CONTROL PAYOUT CASH,-0.6655,524.3268,20000,100000,100000,500000,PASS,PASS,PASS,2026-04-14T01:05:05.073Z,null,null,NEVER_FAILED,null,null,null,NEVER_FAILED,null
2026-03-01,2026-03-21,SBT,CASH,SPORTS CONTROL PAYOUT REVERSAL CASH,-5.0000,-1894.9046,20000,100000,100000,500000,PASS,PASS,PASS,2026-04-14T01:05:05.073Z,null,null,NEVER_FAILED,null,null,null,NEVER_FAILED,null
2026-03-01,2026-03-21,SBT,CASH,SPORTS CONTROL PLACED STAKE CASH,2003.2452,2043.3995,20000,100000,100000,500000,PASS,PASS,PASS,2026-04-14T01:05:05.073Z,null,null,NEVER_FAILED,null,null,null,NEVER_FAILED,null
2026-03-01,2026-03-21,SBT,CASH,SPORTS CONTROL STAKE REFUND CASH,4.9757,1894.7474,20000,100000,100000,500000,PASS,PASS,PASS,2026-04-14T01:05:05.073Z,null,null,NEVER_FAILED,null,null,null,NEVER_FAILED,null
2026-03-01,2026-03-21,SBT,CASH,WITHDRAWAL CONTROL,0.0000,178.7500,20000,100000,100000,500000,PASS,PASS,PASS,2026-04-14T01:05:05.073Z,null,null,NEVER_FAILED,null,null,null,NEVER_FAILED,null
2026-03-01,2026-03-22,SBT,ALL,SBT_MANUAL BALANCES TO 0,0.0000,0.0000,0,-1,0,-1,PASS,PASS,PASS,2026-04-14T01:05:05.073Z,null,null,NEVER_FAILED,null,null,null,NEVER_FAILED,null
2026-03-01,2026-03-22,SBT,ALL,SBT_PAYMENT BALANCES TO 0,0.0000,0.0000,0,-1,0,-1,PASS,PASS,PASS,2026-04-14T01:05:05.073Z,null,null,NEVER_FAILED,null,null,null,NEVER_FAILED,null
2026-03-01,2026-03-22,SBT,ALL,SBT_SPORTSBOOK BALANCES TO 0,0.0000,0.0000,0,-1,0,-1,PASS,PASS,PASS,2026-04-14T01:05:05.073Z,null,null,NEVER_FAILED,null,null,null,NEVER_FAILED,null
2026-03-01,2026-03-22,SBT,ALL,SBT_WALLET BALANCES TO 0,0.0000,0.0000,10000,-1,10000,-1,PASS,PASS,PASS,2026-04-14T01:05:05.073Z,null,null,NEVER_FAILED,null,null,null,NEVER_FAILED,null
2026-03-01,2026-03-22,SBT,CASH,CUSTOMER BALANCES CASH,0.0000,0.0000,20000,-1,100000,-1,PASS,PASS,PASS,2026-04-14T01:05:05.073Z,null,null,NEVER_FAILED,null,null,null,NEVER_FAILED,null
2026-03-01,2026-03-22,SBT,CASH,DEPOSIT CONTROL DEPOSIT CASH,0.0000,0.0000,20000,100000,-1,-1,PASS,PASS,PASS,2026-04-14T01:05:05.073Z,null,null,NEVER_FAILED,null,null,null,NEVER_FAILED,null
2026-03-01,2026-03-22,SBT,CASH,MANUAL CONTROL,0.0000,120.0000,20000,100000,100000,500000,PASS,PASS,PASS,2026-04-14T01:05:05.073Z,null,null,NEVER_FAILED,null,null,null,NEVER_FAILED,null
2026-03-01,2026-03-22,SBT,CASH,OPEN BETS CASH,86.9940,-181.3379,20000,100000,100000,500000,PASS,PASS,PASS,2026-04-14T01:05:05.073Z,null,null,NEVER_FAILED,null,null,null,NEVER_FAILED,null
2026-03-01,2026-03-22,SBT,CASH,SBT_BALANCE CUSTOMER BALANCES EXPECTED ROWCOUNT,0.0000,0.0000,0,-1,0,-1,PASS,PASS,PASS,2026-04-14T01:05:05.073Z,null,null,NEVER_FAILED,null,null,null,NEVER_FAILED,null
2026-03-01,2026-03-22,SBT,CASH,SPORTS CONTROL PAYOUT CASH,-0.4593,523.8675,20000,100000,100000,500000,PASS,PASS,PASS,2026-04-14T01:05:05.073Z,null,null,NEVER_FAILED,null,null,null,NEVER_FAILED,null
2026-03-01,2026-03-22,SBT,CASH,SPORTS CONTROL PAYOUT REVERSAL CASH,-134.6601,-2029.5647,20000,100000,100000,500000,PASS,PASS,PASS,2026-04-14T01:05:05.073Z,null,null,NEVER_FAILED,null,null,null,NEVER_FAILED,null
2026-03-01,2026-03-22,SBT,CASH,SPORTS CONTROL PLACED STAKE CASH,-1998.2267,45.1728,20000,100000,100000,500000,PASS,PASS,PASS,2026-04-14T01:05:05.073Z,null,null,NEVER_FAILED,null,null,null,NEVER_FAILED,null
2026-03-01,2026-03-22,SBT,CASH,SPORTS CONTROL STAKE REFUND CASH,134.6450,2029.3924,20000,100000,100000,500000,PASS,PASS,PASS,2026-04-14T01:05:05.073Z,null,null,NEVER_FAILED,null,null,null,NEVER_FAILED,null
2026-03-01,2026-03-22,SBT,CASH,WITHDRAWAL CONTROL,13.9000,192.6500,20000,100000,100000,500000,PASS,PASS,PASS,2026-04-14T01:05:05.073Z,null,null,NEVER_FAILED,null,null,null,NEVER_FAILED,null
2026-03-01,2026-03-23,SBT,ALL,SBT_MANUAL BALANCES TO 0,0.0000,0.0000,0,-1,0,-1,PASS,PASS,PASS,2026-04-14T01:05:05.073Z,null,null,NEVER_FAILED,null,null,null,NEVER_FAILED,null
2026-03-01,2026-03-23,SBT,ALL,SBT_PAYMENT BALANCES TO 0,0.0000,0.0000,0,-1,0,-1,PASS,PASS,PASS,2026-04-14T01:05:05.073Z,null,null,NEVER_FAILED,null,null,null,NEVER_FAILED,null
2026-03-01,2026-03-23,SBT,ALL,SBT_SPORTSBOOK BALANCES TO 0,0.0000,0.0000,0,-1,0,-1,PASS,PASS,PASS,2026-04-14T01:05:05.073Z,null,null,NEVER_FAILED,null,null,null,NEVER_FAILED,null
2026-03-01,2026-03-23,SBT,ALL,SBT_WALLET BALANCES TO 0,0.0000,0.0000,10000,-1,10000,-1,PASS,PASS,PASS,2026-04-14T01:05:05.073Z,null,null,NEVER_FAILED,null,null,null,NEVER_FAILED,null
2026-03-01,2026-03-23,SBT,CASH,CUSTOMER BALANCES CASH,0.0000,0.0000,20000,-1,100000,-1,PASS,PASS,PASS,2026-04-14T01:05:05.073Z,null,null,NEVER_FAILED,null,null,null,NEVER_FAILED,null
2026-03-01,2026-03-23,SBT,CASH,DEPOSIT CONTROL DEPOSIT CASH,0.0000,0.0000,20000,100000,-1,-1,PASS,PASS,PASS,2026-04-14T01:05:05.073Z,null,null,NEVER_FAILED,null,null,null,NEVER_FAILED,null
2026-03-01,2026-03-23,SBT,CASH,MANUAL CONTROL,0.0000,120.0000,20000,100000,100000,500000,PASS,PASS,PASS,2026-04-14T01:05:05.073Z,null,null,NEVER_FAILED,null,null,null,NEVER_FAILED,null
2026-03-01,2026-03-23,SBT,CASH,OPEN BETS CASH,568.4920,387.1541,20000,100000,100000,500000,PASS,PASS,PASS,2026-04-14T01:05:05.073Z,null,null,NEVER_FAILED,null,null,null,NEVER_FAILED,null
2026-03-01,2026-03-23,SBT,CASH,SBT_BALANCE CUSTOMER BALANCES EXPECTED ROWCOUNT,0.0000,0.0000,0,-1,0,-1,PASS,PASS,PASS,2026-04-14T01:05:05.073Z,null,null,NEVER_FAILED,null,null,null,NEVER_FAILED,null
2026-03-01,2026-03-23,SBT,CASH,SPORTS CONTROL PAYOUT CASH,-0.0929,523.7746,20000,100000,100000,500000,PASS,PASS,PASS,2026-04-14T01:05:05.073Z,null,null,NEVER_FAILED,null,null,null,NEVER_FAILED,null
2026-03-01,2026-03-23,SBT,CASH,SPORTS CONTROL PAYOUT REVERSAL CASH,-578.9292,-2608.4939,20000,100000,100000,500000,PASS,PASS,PASS,2026-04-14T01:05:05.073Z,null,null,NEVER_FAILED,null,null,null,NEVER_FAILED,null
2026-03-01,2026-03-23,SBT,CASH,SPORTS CONTROL PLACED STAKE CASH,1.1025,46.2753,20000,100000,100000,500000,PASS,PASS,PASS,2026-04-14T01:05:05.073Z,null,null,NEVER_FAILED,null,null,null,NEVER_FAILED,null
2026-03-01,2026-03-23,SBT,CASH,SPORTS CONTROL STAKE REFUND CASH,578.9273,2608.3197,20000,100000,100000,500000,PASS,PASS,PASS,2026-04-14T01:05:05.073Z,null,null,NEVER_FAILED,null,null,null,NEVER_FAILED,null
2026-03-01,2026-03-23,SBT,CASH,WITHDRAWAL CONTROL,0.0000,192.6500,20000,100000,100000,500000,PASS,PASS,PASS,2026-04-14T01:05:05.073Z,null,null,NEVER_FAILED,null,null,null,NEVER_FAILED,null
2026-03-01,2026-03-24,SBT,ALL,SBT_MANUAL BALANCES TO 0,0.0000,0.0000,0,-1,0,-1,PASS,PASS,PASS,2026-04-14T01:05:05.073Z,null,null,NEVER_FAILED,null,null,null,NEVER_FAILED,null
2026-03-01,2026-03-24,SBT,ALL,SBT_PAYMENT BALANCES TO 0,0.0000,0.0000,0,-1,0,-1,PASS,PASS,PASS,2026-04-14T01:05:05.073Z,null,null,NEVER_FAILED,null,null,null,NEVER_FAILED,null
2026-03-01,2026-03-24,SBT,ALL,SBT_SPORTSBOOK BALANCES TO 0,0.0000,0.0000,0,-1,0,-1,PASS,PASS,PASS,2026-04-14T01:05:05.073Z,null,null,NEVER_FAILED,null,null,null,NEVER_FAILED,null
2026-03-01,2026-03-24,SBT,ALL,SBT_WALLET BALANCES TO 0,0.0000,0.0000,10000,-1,10000,-1,PASS,PASS,PASS,2026-04-14T01:05:05.073Z,2026-03-24T22:13:41.705Z,2026-03-25T22:13:53.227Z,RESOLVED,24,2026-03-24T22:13:41.705Z,2026-03-25T22:13:53.227Z,RESOLVED,24
2026-03-01,2026-03-24,SBT,CASH,CUSTOMER BALANCES CASH,0.0000,0.0000,20000,-1,100000,-1,PASS,PASS,PASS,2026-04-14T01:05:05.073Z,2026-03-24T22:13:41.705Z,2026-03-25T16:21:05.142Z,RESOLVED,18,2026-03-24T22:13:41.705Z,2026-03-25T16:21:05.142Z,RESOLVED,18
2026-03-01,2026-03-24,SBT,CASH,DEPOSIT CONTROL DEPOSIT CASH,0.0000,0.0000,20000,100000,-1,-1,PASS,PASS,PASS,2026-04-14T01:05:05.073Z,null,null,NEVER_FAILED,null,null,null,NEVER_FAILED,null
2026-03-01,2026-03-24,SBT,CASH,MANUAL CONTROL,0.0000,120.0000,20000,100000,100000,500000,PASS,PASS,PASS,2026-04-14T01:05:05.073Z,null,null,NEVER_FAILED,null,null,null,NEVER_FAILED,null
2026-03-01,2026-03-24,SBT,CASH,OPEN BETS CASH,-26.7297,360.4244,20000,100000,100000,500000,PASS,PASS,PASS,2026-04-14T01:05:05.073Z,null,null,NEVER_FAILED,null,null,null,NEVER_FAILED,null
2026-03-01,2026-03-24,SBT,CASH,SBT_BALANCE CUSTOMER BALANCES EXPECTED ROWCOUNT,0.0000,0.0000,0,-1,0,-1,PASS,PASS,PASS,2026-04-14T01:05:05.073Z,null,null,NEVER_FAILED,null,null,null,NEVER_FAILED,null
2026-03-01,2026-03-24,SBT,CASH,SPORTS CONTROL PAYOUT CASH,-0.0892,523.6854,20000,100000,100000,500000,PASS,PASS,PASS,2026-04-14T01:05:05.073Z,null,null,NEVER_FAILED,null,null,null,NEVER_FAILED,null
2026-03-01,2026-03-24,SBT,CASH,SPORTS CONTROL PAYOUT REVERSAL CASH,0.0002,-2608.4937,20000,100000,100000,500000,PASS,PASS,PASS,2026-04-14T01:05:05.073Z,null,null,NEVER_FAILED,null,null,null,NEVER_FAILED,null
2026-03-01,2026-03-24,SBT,CASH,SPORTS CONTROL PLACED STAKE CASH,1.0576,47.3329,20000,100000,100000,500000,PASS,PASS,PASS,2026-04-14T01:05:05.073Z,null,null,NEVER_FAILED,null,null,null,NEVER_FAILED,null
2026-03-01,2026-03-24,SBT,CASH,SPORTS CONTROL STAKE REFUND CASH,-0.0021,2608.3176,20000,100000,100000,500000,PASS,PASS,PASS,2026-04-14T01:05:05.073Z,null,null,NEVER_FAILED,null,null,null,NEVER_FAILED,null
2026-03-01,2026-03-24,SBT,CASH,WITHDRAWAL CONTROL,0.0000,192.6500,20000,100000,100000,500000,PASS,PASS,PASS,2026-04-14T01:05:05.073Z,null,null,NEVER_FAILED,null,null,null,NEVER_FAILED,null
2026-03-01,2026-03-25,SBT,ALL,SBT_INTERNAL BALANCES TO 0,0.0000,0.0000,0,-1,0,-1,PASS,PASS,PASS,2026-04-14T01:05:05.073Z,null,null,NEVER_FAILED,null,null,null,NEVER_FAILED,null
2026-03-01,2026-03-25,SBT,ALL,SBT_MANUAL BALANCES TO 0,0.0000,0.0000,0,-1,0,-1,PASS,PASS,PASS,2026-04-14T01:05:05.073Z,null,null,NEVER_FAILED,null,null,null,NEVER_FAILED,null
2026-03-01,2026-03-25,SBT,ALL,SBT_PAYMENT BALANCES TO 0,0.0000,0.0000,0,-1,0,-1,PASS,PASS,PASS,2026-04-14T01:05:05.073Z,null,null,NEVER_FAILED,null,null,null,NEVER_FAILED,null
2026-03-01,2026-03-25,SBT,ALL,SBT_SPORTSBOOK BALANCES TO 0,0.0000,0.0000,0,-1,0,-1,PASS,PASS,PASS,2026-04-14T01:05:05.073Z,null,null,NEVER_FAILED,null,null,null,NEVER_FAILED,null
2026-03-01,2026-03-25,SBT,ALL,SBT_WALLET BALANCES TO 0,0.0000,0.0000,10000,-1,10000,-1,PASS,PASS,PASS,2026-04-14T01:05:05.073Z,null,null,NEVER_FAILED,null,null,null,NEVER_FAILED,null
2026-03-01,2026-03-25,SBT,CASH,CUSTOMER BALANCES CASH,0.0000,0.0000,20000,-1,100000,-1,PASS,PASS,PASS,2026-04-14T01:05:05.073Z,null,null,NEVER_FAILED,null,null,null,NEVER_FAILED,null
2026-03-01,2026-03-25,SBT,CASH,DEPOSIT CONTROL DEPOSIT CASH,0.0000,0.0000,20000,100000,-1,-1,PASS,PASS,PASS,2026-04-14T01:05:05.073Z,null,null,NEVER_FAILED,null,null,null,NEVER_FAILED,null
2026-03-01,2026-03-25,SBT,CASH,MANUAL CONTROL,0.0000,120.0000,20000,100000,100000,500000,PASS,PASS,PASS,2026-04-14T01:05:05.073Z,null,null,NEVER_FAILED,null,null,null,NEVER_FAILED,null
2026-03-01,2026-03-25,SBT,CASH,OPEN BETS CASH,0.5104,360.9348,20000,100000,100000,500000,PASS,PASS,PASS,2026-04-14T01:05:05.073Z,2026-03-25T16:21:05.142Z,2026-03-25T22:13:53.227Z,RESOLVED,5,2026-03-25T16:21:05.142Z,2026-03-25T22:13:53.227Z,RESOLVED,5
2026-03-01,2026-03-25,SBT,CASH,SBT_BALANCE CUSTOMER BALANCES EXPECTED ROWCOUNT,0.0000,0.0000,0,-1,0,-1,PASS,PASS,PASS,2026-04-14T01:05:05.073Z,null,null,NEVER_FAILED,null,null,null,NEVER_FAILED,null
2026-03-01,2026-03-25,SBT,CASH,SPORTS CONTROL PAYOUT CASH,-0.1180,523.5674,20000,100000,100000,500000,PASS,PASS,PASS,2026-04-14T01:05:05.073Z,null,null,NEVER_FAILED,null,null,null,NEVER_FAILED,null
2026-03-01,2026-03-25,SBT,CASH,SPORTS CONTROL PAYOUT REVERSAL CASH,-0.6686,-2609.1623,20000,100000,100000,500000,PASS,PASS,PASS,2026-04-14T01:05:05.073Z,null,null,NEVER_FAILED,null,null,null,NEVER_FAILED,null
2026-03-01,2026-03-25,SBT,CASH,SPORTS CONTROL PLACED STAKE CASH,1.5436,48.8765,20000,100000,100000,500000,PASS,PASS,PASS,2026-04-14T01:05:05.073Z,null,null,NEVER_FAILED,null,null,null,NEVER_FAILED,null
2026-03-01,2026-03-25,SBT,CASH,SPORTS CONTROL STAKE REFUND CASH,0.6679,2608.9855,20000,100000,100000,500000,PASS,PASS,PASS,2026-04-14T01:05:05.073Z,null,null,NEVER_FAILED,null,null,null,NEVER_FAILED,null
2026-03-01,2026-03-25,SBT,CASH,WITHDRAWAL CONTROL,0.0000,192.6500,20000,100000,100000,500000,PASS,PASS,PASS,2026-04-14T01:05:05.073Z,2026-03-25T16:21:05.142Z,2026-03-25T22:13:53.227Z,RESOLVED,5,2026-03-25T16:21:05.142Z,2026-03-25T22:13:53.227Z,RESOLVED,5
2026-03-01,2026-03-26,SBT,ALL,SBT_INTERNAL BALANCES TO 0,0.0000,0.0000,0,-1,0,-1,PASS,PASS,PASS,2026-04-14T01:05:05.073Z,null,null,NEVER_FAILED,null,null,null,NEVER_FAILED,null
2026-03-01,2026-03-26,SBT,ALL,SBT_MANUAL BALANCES TO 0,0.0000,0.0000,0,-1,0,-1,PASS,PASS,PASS,2026-04-14T01:05:05.073Z,null,null,NEVER_FAILED,null,null,null,NEVER_FAILED,null
2026-03-01,2026-03-26,SBT,ALL,SBT_PAYMENT BALANCES TO 0,0.0000,0.0000,0,-1,0,-1,PASS,PASS,PASS,2026-04-14T01:05:05.073Z,null,null,NEVER_FAILED,null,null,null,NEVER_FAILED,null
2026-03-01,2026-03-26,SBT,ALL,SBT_SPORTSBOOK BALANCES TO 0,0.0000,0.0000,0,-1,0,-1,PASS,PASS,PASS,2026-04-14T01:05:05.073Z,null,null,NEVER_FAILED,null,null,null,NEVER_FAILED,null
2026-03-01,2026-03-26,SBT,ALL,SBT_WALLET BALANCES TO 0,0.0000,0.0000,10000,-1,10000,-1,PASS,PASS,PASS,2026-04-14T01:05:05.073Z,null,null,NEVER_FAILED,null,null,null,NEVER_FAILED,null
2026-03-01,2026-03-26,SBT,CASH,CUSTOMER BALANCES CASH,0.0000,0.0000,20000,-1,100000,-1,PASS,PASS,PASS,2026-04-14T01:05:05.073Z,null,null,NEVER_FAILED,null,null,null,NEVER_FAILED,null
2026-03-01,2026-03-26,SBT,CASH,DEPOSIT CONTROL DEPOSIT CASH,0.0000,0.0000,20000,100000,-1,-1,PASS,PASS,PASS,2026-04-14T01:05:05.073Z,null,null,NEVER_FAILED,null,null,null,NEVER_FAILED,null
2026-03-01,2026-03-26,SBT,CASH,MANUAL CONTROL,0.0000,120.0000,20000,100000,100000,500000,PASS,PASS,PASS,2026-04-14T01:05:05.073Z,null,null,NEVER_FAILED,null,null,null,NEVER_FAILED,null
2026-03-01,2026-03-26,SBT,CASH,OPEN BETS CASH,-1299.1044,-938.1696,20000,100000,100000,500000,PASS,PASS,PASS,2026-04-14T01:05:05.073Z,null,null,NEVER_FAILED,null,null,null,NEVER_FAILED,null
2026-03-01,2026-03-26,SBT,CASH,SBT_BALANCE CUSTOMER BALANCES EXPECTED ROWCOUNT,0.0000,0.0000,0,-1,0,-1,PASS,PASS,PASS,2026-04-14T01:05:05.073Z,null,null,NEVER_FAILED,null,null,null,NEVER_FAILED,null
2026-03-01,2026-03-26,SBT,CASH,SPORTS CONTROL PAYOUT CASH,-0.1869,523.3805,20000,100000,100000,500000,PASS,PASS,PASS,2026-04-14T01:05:05.073Z,null,null,NEVER_FAILED,null,null,null,NEVER_FAILED,null
2026-03-01,2026-03-26,SBT,CASH,SPORTS CONTROL PAYOUT REVERSAL CASH,-8.3678,-2617.5301,20000,100000,100000,500000,PASS,PASS,PASS,2026-04-14T01:05:05.073Z,null,null,NEVER_FAILED,null,null,null,NEVER_FAILED,null
2026-03-01,2026-03-26,SBT,CASH,SPORTS CONTROL PLACED STAKE CASH,3.5806,52.4571,20000,100000,100000,500000,PASS,PASS,PASS,2026-04-14T01:05:05.073Z,null,null,NEVER_FAILED,null,null,null,NEVER_FAILED,null
2026-03-01,2026-03-26,SBT,CASH,SPORTS CONTROL STAKE REFUND CASH,8.3672,2617.3527,20000,100000,100000,500000,PASS,PASS,PASS,2026-04-14T01:05:05.073Z,null,null,NEVER_FAILED,null,null,null,NEVER_FAILED,null
2026-03-01,2026-03-26,SBT,CASH,WITHDRAWAL CONTROL,0.0000,192.6500,20000,100000,100000,500000,PASS,PASS,PASS,2026-04-14T01:05:05.073Z,null,null,NEVER_FAILED,null,null,null,NEVER_FAILED,null
2026-03-01,2026-03-27,SBT,ALL,SBT_INTERNAL BALANCES TO 0,0.0000,0.0000,0,-1,0,-1,PASS,PASS,PASS,2026-04-14T01:05:05.073Z,null,null,NEVER_FAILED,null,null,null,NEVER_FAILED,null
2026-03-01,2026-03-27,SBT,ALL,SBT_MANUAL BALANCES TO 0,0.0000,0.0000,0,-1,0,-1,PASS,PASS,PASS,2026-04-14T01:05:05.073Z,null,null,NEVER_FAILED,null,null,null,NEVER_FAILED,null
2026-03-01,2026-03-27,SBT,ALL,SBT_PAYMENT BALANCES TO 0,0.0000,0.0000,0,-1,0,-1,PASS,PASS,PASS,2026-04-14T01:05:05.073Z,null,null,NEVER_FAILED,null,null,null,NEVER_FAILED,null
2026-03-01,2026-03-27,SBT,ALL,SBT_SPORTSBOOK BALANCES TO 0,0.0000,0.0000,0,-1,0,-1,PASS,PASS,PASS,2026-04-14T01:05:05.073Z,null,null,NEVER_FAILED,null,null,null,NEVER_FAILED,null
2026-03-01,2026-03-27,SBT,ALL,SBT_WALLET BALANCES TO 0,0.0000,0.0000,10000,-1,10000,-1,PASS,PASS,PASS,2026-04-14T01:05:05.073Z,null,null,NEVER_FAILED,null,null,null,NEVER_FAILED,null
2026-03-01,2026-03-27,SBT,CASH,CUSTOMER BALANCES CASH,0.0000,0.0000,20000,-1,100000,-1,PASS,PASS,PASS,2026-04-14T01:05:05.073Z,null,null,NEVER_FAILED,null,null,null,NEVER_FAILED,null
2026-03-01,2026-03-27,SBT,CASH,DEPOSIT CONTROL DEPOSIT CASH,0.0000,0.0000,20000,100000,-1,-1,PASS,PASS,PASS,2026-04-14T01:05:05.073Z,null,null,NEVER_FAILED,null,null,null,NEVER_FAILED,null
2026-03-01,2026-03-27,SBT,CASH,MANUAL CONTROL,0.0000,120.0000,20000,100000,100000,500000,PASS,PASS,PASS,2026-04-14T01:05:05.073Z,null,null,NEVER_FAILED,null,null,null,NEVER_FAILED,null
2026-03-01,2026-03-27,SBT,CASH,OPEN BETS CASH,-210.1352,-1148.3048,20000,100000,100000,500000,PASS,PASS,PASS,2026-04-14T01:05:05.073Z,null,null,NEVER_FAILED,null,null,null,NEVER_FAILED,null
2026-03-01,2026-03-27,SBT,CASH,SBT_BALANCE CUSTOMER BALANCES EXPECTED ROWCOUNT,0.0000,0.0000,0,-1,0,-1,PASS,PASS,PASS,2026-04-14T01:05:05.073Z,null,null,NEVER_FAILED,null,null,null,NEVER_FAILED,null
2026-03-01,2026-03-27,SBT,CASH,SPORTS CONTROL PAYOUT CASH,-0.1587,523.2218,20000,100000,100000,500000,PASS,PASS,PASS,2026-04-14T01:05:05.073Z,null,null,NEVER_FAILED,null,null,null,NEVER_FAILED,null
2026-03-01,2026-03-27,SBT,CASH,SPORTS CONTROL PAYOUT REVERSAL CASH,0.0000,-2617.5301,20000,100000,100000,500000,PASS,PASS,PASS,2026-04-14T01:05:05.073Z,null,null,NEVER_FAILED,null,null,null,NEVER_FAILED,null
2026-03-01,2026-03-27,SBT,CASH,SPORTS CONTROL PLACED STAKE CASH,2.0381,54.4952,20000,100000,100000,500000,PASS,PASS,PASS,2026-04-14T01:05:05.073Z,null,null,NEVER_FAILED,null,null,null,NEVER_FAILED,null
2026-03-01,2026-03-27,SBT,CASH,SPORTS CONTROL STAKE REFUND CASH,-0.0073,2617.3454,20000,100000,100000,500000,PASS,PASS,PASS,2026-04-14T01:05:05.073Z,null,null,NEVER_FAILED,null,null,null,NEVER_FAILED,null
2026-03-01,2026-03-27,SBT,CASH,WITHDRAWAL CONTROL,0.0000,192.6500,20000,100000,100000,500000,PASS,PASS,PASS,2026-04-14T01:05:05.073Z,null,null,NEVER_FAILED,null,null,null,NEVER_FAILED,null
2026-03-01,2026-03-28,SBT,ALL,SBT_INTERNAL BALANCES TO 0,0.0000,0.0000,0,-1,0,-1,PASS,PASS,PASS,2026-04-14T01:05:05.073Z,null,null,NEVER_FAILED,null,null,null,NEVER_FAILED,null
2026-03-01,2026-03-28,SBT,ALL,SBT_MANUAL BALANCES TO 0,0.0000,0.0000,0,-1,0,-1,PASS,PASS,PASS,2026-04-14T01:05:05.073Z,null,null,NEVER_FAILED,null,null,null,NEVER_FAILED,null
2026-03-01,2026-03-28,SBT,ALL,SBT_PAYMENT BALANCES TO 0,0.0000,0.0000,0,-1,0,-1,PASS,PASS,PASS,2026-04-14T01:05:05.073Z,null,null,NEVER_FAILED,null,null,null,NEVER_FAILED,null
2026-03-01,2026-03-28,SBT,ALL,SBT_SPORTSBOOK BALANCES TO 0,0.0000,0.0000,0,-1,0,-1,PASS,PASS,PASS,2026-04-14T01:05:05.073Z,null,null,NEVER_FAILED,null,null,null,NEVER_FAILED,null
2026-03-01,2026-03-28,SBT,ALL,SBT_WALLET BALANCES TO 0,0.0000,0.0000,10000,-1,10000,-1,PASS,PASS,PASS,2026-04-14T01:05:05.073Z,null,null,NEVER_FAILED,null,null,null,NEVER_FAILED,null
2026-03-01,2026-03-28,SBT,CASH,CUSTOMER BALANCES CASH,0.0000,0.0000,20000,-1,100000,-1,PASS,PASS,PASS,2026-04-14T01:05:05.073Z,null,null,NEVER_FAILED,null,null,null,NEVER_FAILED,null
2026-03-01,2026-03-28,SBT,CASH,DEPOSIT CONTROL DEPOSIT CASH,0.0000,0.0000,20000,100000,-1,-1,PASS,PASS,PASS,2026-04-14T01:05:05.073Z,null,null,NEVER_FAILED,null,null,null,NEVER_FAILED,null
2026-03-01,2026-03-28,SBT,CASH,MANUAL CONTROL,0.0000,120.0000,20000,100000,100000,500000,PASS,PASS,PASS,2026-04-14T01:05:05.073Z,null,null,NEVER_FAILED,null,null,null,NEVER_FAILED,null
2026-03-01,2026-03-28,SBT,CASH,OPEN BETS CASH,463.2286,-685.0762,20000,100000,100000,500000,PASS,PASS,PASS,2026-04-14T01:05:05.073Z,null,null,NEVER_FAILED,null,null,null,NEVER_FAILED,null
2026-03-01,2026-03-28,SBT,CASH,SBT_BALANCE CUSTOMER BALANCES EXPECTED ROWCOUNT,0.0000,0.0000,0,-1,0,-1,PASS,PASS,PASS,2026-04-14T01:05:05.073Z,null,null,NEVER_FAILED,null,null,null,NEVER_FAILED,null
2026-03-01,2026-03-28,SBT,CASH,SPORTS CONTROL PAYOUT CASH,-0.3611,522.8607,20000,100000,100000,500000,PASS,PASS,PASS,2026-04-14T01:05:05.073Z,null,null,NEVER_FAILED,null,null,null,NEVER_FAILED,null
2026-03-01,2026-03-28,SBT,CASH,SPORTS CONTROL PAYOUT REVERSAL CASH,-0.5487,-2618.0788,20000,100000,100000,500000,PASS,PASS,PASS,2026-04-14T01:05:05.073Z,null,null,NEVER_FAILED,null,null,null,NEVER_FAILED,null
2026-03-01,2026-03-28,SBT,CASH,SPORTS CONTROL PLACED STAKE CASH,3.0205,57.5157,20000,100000,100000,500000,PASS,PASS,PASS,2026-04-14T01:05:05.073Z,null,null,NEVER_FAILED,null,null,null,NEVER_FAILED,null
2026-03-01,2026-03-28,SBT,CASH,SPORTS CONTROL STAKE REFUND CASH,0.5376,2617.8830,20000,100000,100000,500000,PASS,PASS,PASS,2026-04-14T01:05:05.073Z,null,null,NEVER_FAILED,null,null,null,NEVER_FAILED,null
2026-03-01,2026-03-28,SBT,CASH,WITHDRAWAL CONTROL,0.0000,192.6500,20000,100000,100000,500000,PASS,PASS,PASS,2026-04-14T01:05:05.073Z,null,null,NEVER_FAILED,null,null,null,NEVER_FAILED,null
2026-03-01,2026-03-29,SBT,ALL,SBT_MANUAL BALANCES TO 0,0.0000,0.0000,0,-1,0,-1,PASS,PASS,PASS,2026-04-14T01:05:05.073Z,null,null,NEVER_FAILED,null,null,null,NEVER_FAILED,null
2026-03-01,2026-03-29,SBT,ALL,SBT_PAYMENT BALANCES TO 0,0.0000,0.0000,0,-1,0,-1,PASS,PASS,PASS,2026-04-14T01:05:05.073Z,null,null,NEVER_FAILED,null,null,null,NEVER_FAILED,null
2026-03-01,2026-03-29,SBT,ALL,SBT_SPORTSBOOK BALANCES TO 0,0.0000,0.0000,0,-1,0,-1,PASS,PASS,PASS,2026-04-14T01:05:05.073Z,null,null,NEVER_FAILED,null,null,null,NEVER_FAILED,null
2026-03-01,2026-03-29,SBT,ALL,SBT_WALLET BALANCES TO 0,0.0000,0.0000,10000,-1,10000,-1,PASS,PASS,PASS,2026-04-14T01:05:05.073Z,null,null,NEVER_FAILED,null,null,null,NEVER_FAILED,null
2026-03-01,2026-03-29,SBT,CASH,CUSTOMER BALANCES CASH,0.0000,0.0000,20000,-1,100000,-1,PASS,PASS,PASS,2026-04-14T01:05:05.073Z,null,null,NEVER_FAILED,null,null,null,NEVER_FAILED,null
2026-03-01,2026-03-29,SBT,CASH,DEPOSIT CONTROL DEPOSIT CASH,0.0000,0.0000,20000,100000,-1,-1,PASS,PASS,PASS,2026-04-14T01:05:05.073Z,null,null,NEVER_FAILED,null,null,null,NEVER_FAILED,null
2026-03-01,2026-03-29,SBT,CASH,MANUAL CONTROL,0.0000,120.0000,20000,100000,100000,500000,PASS,PASS,PASS,2026-04-14T01:05:05.073Z,null,null,NEVER_FAILED,null,null,null,NEVER_FAILED,null
2026-03-01,2026-03-29,SBT,CASH,OPEN BETS CASH,-37.1224,-722.1986,20000,100000,100000,500000,PASS,PASS,PASS,2026-04-14T01:05:05.073Z,null,null,NEVER_FAILED,null,null,null,NEVER_FAILED,null
2026-03-01,2026-03-29,SBT,CASH,SBT_BALANCE CUSTOMER BALANCES EXPECTED ROWCOUNT,0.0000,0.0000,0,-1,0,-1,PASS,PASS,PASS,2026-04-14T01:05:05.073Z,null,null,NEVER_FAILED,null,null,null,NEVER_FAILED,null
2026-03-01,2026-03-29,SBT,CASH,SPORTS CONTROL PAYOUT CASH,-0.2304,522.6303,20000,100000,100000,500000,PASS,PASS,PASS,2026-04-14T01:05:05.073Z,null,null,NEVER_FAILED,null,null,null,NEVER_FAILED,null
2026-03-01,2026-03-29,SBT,CASH,SPORTS CONTROL PAYOUT REVERSAL CASH,-6.3008,-2624.3796,20000,100000,100000,500000,PASS,PASS,PASS,2026-04-14T01:05:05.073Z,null,null,NEVER_FAILED,null,null,null,NEVER_FAILED,null
2026-03-01,2026-03-29,SBT,CASH,SPORTS CONTROL PLACED STAKE CASH,1.7784,59.2941,20000,100000,100000,500000,PASS,PASS,PASS,2026-04-14T01:05:05.073Z,null,null,NEVER_FAILED,null,null,null,NEVER_FAILED,null
2026-03-01,2026-03-29,SBT,CASH,SPORTS CONTROL STAKE REFUND CASH,6.2855,2624.1685,20000,100000,100000,500000,PASS,PASS,PASS,2026-04-14T01:05:05.073Z,null,null,NEVER_FAILED,null,null,null,NEVER_FAILED,null
2026-03-01,2026-03-29,SBT,CASH,WITHDRAWAL CONTROL,0.0000,192.6500,20000,100000,100000,500000,PASS,PASS,PASS,2026-04-14T01:05:05.073Z,null,null,NEVER_FAILED,null,null,null,NEVER_FAILED,null
2026-03-01,2026-03-30,SBT,ALL,SBT_MANUAL BALANCES TO 0,0.0000,0.0000,0,-1,0,-1,PASS,PASS,PASS,2026-04-14T01:05:05.073Z,null,null,NEVER_FAILED,null,null,null,NEVER_FAILED,null
2026-03-01,2026-03-30,SBT,ALL,SBT_PAYMENT BALANCES TO 0,0.0000,0.0000,0,-1,0,-1,PASS,PASS,PASS,2026-04-14T01:05:05.073Z,null,null,NEVER_FAILED,null,null,null,NEVER_FAILED,null
2026-03-01,2026-03-30,SBT,ALL,SBT_SPORTSBOOK BALANCES TO 0,0.0000,0.0000,0,-1,0,-1,PASS,PASS,PASS,2026-04-14T01:05:05.073Z,null,null,NEVER_FAILED,null,null,null,NEVER_FAILED,null
2026-03-01,2026-03-30,SBT,ALL,SBT_WALLET BALANCES TO 0,0.0000,0.0000,10000,-1,10000,-1,PASS,PASS,PASS,2026-04-14T01:05:05.073Z,null,null,NEVER_FAILED,null,null,null,NEVER_FAILED,null
2026-03-01,2026-03-30,SBT,CASH,CUSTOMER BALANCES CASH,0.0000,0.0000,20000,-1,100000,-1,PASS,PASS,PASS,2026-04-14T01:05:05.073Z,2026-03-30T16:22:37.624Z,2026-03-30T22:14:48.287Z,RESOLVED,5,2026-03-30T16:22:37.624Z,2026-03-30T22:14:48.287Z,RESOLVED,5
2026-03-01,2026-03-30,SBT,CASH,DEPOSIT CONTROL DEPOSIT CASH,0.0000,0.0000,20000,100000,-1,-1,PASS,PASS,PASS,2026-04-14T01:05:05.073Z,null,null,NEVER_FAILED,null,null,null,NEVER_FAILED,null
2026-03-01,2026-03-30,SBT,CASH,MANUAL CONTROL,0.0000,120.0000,20000,100000,100000,500000,PASS,PASS,PASS,2026-04-14T01:05:05.073Z,null,null,NEVER_FAILED,null,null,null,NEVER_FAILED,null
2026-03-01,2026-03-30,SBT,CASH,OPEN BETS CASH,-230.1263,-952.3249,20000,100000,100000,500000,PASS,PASS,PASS,2026-04-14T01:05:05.073Z,2026-03-30T16:22:37.624Z,2026-03-30T22:14:48.287Z,RESOLVED,5,2026-03-30T16:22:37.624Z,2026-03-30T22:14:48.287Z,RESOLVED,5
2026-03-01,2026-03-30,SBT,CASH,SBT_BALANCE CUSTOMER BALANCES EXPECTED ROWCOUNT,0.0000,0.0000,0,-1,0,-1,PASS,PASS,PASS,2026-04-14T01:05:05.073Z,null,null,NEVER_FAILED,null,null,null,NEVER_FAILED,null
2026-03-01,2026-03-30,SBT,CASH,SPORTS CONTROL PAYOUT CASH,-0.0918,522.5385,20000,100000,100000,500000,PASS,PASS,PASS,2026-04-14T01:05:05.073Z,null,null,NEVER_FAILED,null,null,null,NEVER_FAILED,null
2026-03-01,2026-03-30,SBT,CASH,SPORTS CONTROL PAYOUT REVERSAL CASH,-770.6608,-3395.0404,20000,100000,100000,500000,PASS,PASS,PASS,2026-04-14T01:05:05.073Z,null,null,NEVER_FAILED,null,null,null,NEVER_FAILED,null
2026-03-01,2026-03-30,SBT,CASH,SPORTS CONTROL PLACED STAKE CASH,1001.4617,1060.7558,20000,100000,100000,500000,PASS,PASS,PASS,2026-04-14T01:05:05.073Z,null,null,NEVER_FAILED,null,null,null,NEVER_FAILED,null
2026-03-01,2026-03-30,SBT,CASH,SPORTS CONTROL STAKE REFUND CASH,770.6529,3394.8214,20000,100000,100000,500000,PASS,PASS,PASS,2026-04-14T01:05:05.073Z,null,null,NEVER_FAILED,null,null,null,NEVER_FAILED,null
2026-03-01,2026-03-30,SBT,CASH,WITHDRAWAL CONTROL,0.0000,192.6500,20000,100000,100000,500000,PASS,PASS,PASS,2026-04-14T01:05:05.073Z,2026-03-30T16:22:37.624Z,2026-03-30T22:14:48.287Z,RESOLVED,5,2026-03-30T16:22:37.624Z,2026-03-30T22:14:48.287Z,RESOLVED,5
2026-03-01,2026-03-31,SBT,ALL,SBT_MANUAL BALANCES TO 0,0.0000,0.0000,0,-1,0,-1,PASS,PASS,PASS,2026-04-14T01:05:05.073Z,null,null,NEVER_FAILED,null,null,null,NEVER_FAILED,null
2026-03-01,2026-03-31,SBT,ALL,SBT_PAYMENT BALANCES TO 0,0.0000,0.0000,0,-1,0,-1,PASS,PASS,PASS,2026-04-14T01:05:05.073Z,null,null,NEVER_FAILED,null,null,null,NEVER_FAILED,null
2026-03-01,2026-03-31,SBT,ALL,SBT_SPORTSBOOK BALANCES TO 0,0.0000,0.0000,0,-1,0,-1,PASS,PASS,PASS,2026-04-14T01:05:05.073Z,null,null,NEVER_FAILED,null,null,null,NEVER_FAILED,null
2026-03-01,2026-03-31,SBT,ALL,SBT_WALLET BALANCES TO 0,0.0000,0.0000,10000,-1,10000,-1,PASS,PASS,PASS,2026-04-14T01:05:05.073Z,null,null,NEVER_FAILED,null,null,null,NEVER_FAILED,null
2026-03-01,2026-03-31,SBT,CASH,CUSTOMER BALANCES CASH,0.0000,0.0000,20000,-1,100000,-1,PASS,PASS,PASS,2026-04-14T01:05:05.073Z,null,null,NEVER_FAILED,null,null,null,NEVER_FAILED,null
2026-03-01,2026-03-31,SBT,CASH,DEPOSIT CONTROL DEPOSIT CASH,0.0000,0.0000,20000,100000,-1,-1,PASS,PASS,PASS,2026-04-14T01:05:05.073Z,null,null,NEVER_FAILED,null,null,null,NEVER_FAILED,null
2026-03-01,2026-03-31,SBT,CASH,MANUAL CONTROL,0.0000,120.0000,20000,100000,100000,500000,PASS,PASS,PASS,2026-04-14T01:05:05.073Z,null,null,NEVER_FAILED,null,null,null,NEVER_FAILED,null
2026-03-01,2026-03-31,SBT,CASH,OPEN BETS CASH,191.8717,-760.4532,20000,100000,100000,500000,PASS,PASS,PASS,2026-04-14T01:05:05.073Z,null,null,NEVER_FAILED,null,null,null,NEVER_FAILED,null
2026-03-01,2026-03-31,SBT,CASH,SBT_BALANCE CUSTOMER BALANCES EXPECTED ROWCOUNT,0.0000,0.0000,0,-1,0,-1,PASS,PASS,PASS,2026-04-14T01:05:05.073Z,null,null,NEVER_FAILED,null,null,null,NEVER_FAILED,null
2026-03-01,2026-03-31,SBT,CASH,SPORTS CONTROL PAYOUT CASH,-0.1991,522.3394,20000,100000,100000,500000,PASS,PASS,PASS,2026-04-14T01:05:05.073Z,null,null,NEVER_FAILED,null,null,null,NEVER_FAILED,null
2026-03-01,2026-03-31,SBT,CASH,SPORTS CONTROL PAYOUT REVERSAL CASH,0.0006,-3395.0398,20000,100000,100000,500000,PASS,PASS,PASS,2026-04-14T01:05:05.073Z,null,null,NEVER_FAILED,null,null,null,NEVER_FAILED,null
2026-03-01,2026-03-31,SBT,CASH,SPORTS CONTROL PLACED STAKE CASH,-998.1274,62.6284,20000,100000,100000,500000,PASS,PASS,PASS,2026-04-14T01:05:05.073Z,null,null,NEVER_FAILED,null,null,null,NEVER_FAILED,null
2026-03-01,2026-03-31,SBT,CASH,SPORTS CONTROL STAKE REFUND CASH,-0.0189,3394.8025,20000,100000,100000,500000,PASS,PASS,PASS,2026-04-14T01:05:05.073Z,null,null,NEVER_FAILED,null,null,null,NEVER_FAILED,null
2026-03-01,2026-03-31,SBT,CASH,WITHDRAWAL CONTROL,0.0000,192.6500,20000,100000,100000,500000,PASS,PASS,PASS,2026-04-14T01:05:05.073Z,null,null,NEVER_FAILED,null,null,null,NEVER_FAILED,null
2026-04-01,2026-04-01,SBT,ALL,SBT TAX CHANGE APPROVAL,1.0000,1.0000,0,0,0,0,FAIL,FAIL,FAIL,2026-04-14T01:05:05.073Z,2026-04-01T15:04:54.441Z,null,UNRESOLVED,null,2026-04-01T15:04:54.441Z,null,UNRESOLVED,null
2026-04-01,2026-04-01,SBT,ALL,SBT_INTERNAL BALANCES TO 0,0.0000,0.0000,0,-1,0,-1,PASS,PASS,PASS,2026-04-14T01:05:05.073Z,null,null,NEVER_FAILED,null,null,null,NEVER_FAILED,null
2026-04-01,2026-04-01,SBT,ALL,SBT_MANUAL BALANCES TO 0,0.0000,0.0000,0,-1,0,-1,PASS,PASS,PASS,2026-04-14T01:05:05.073Z,null,null,NEVER_FAILED,null,null,null,NEVER_FAILED,null
2026-04-01,2026-04-01,SBT,ALL,SBT_PAYMENT BALANCES TO 0,0.0000,0.0000,0,-1,0,-1,PASS,PASS,PASS,2026-04-14T01:05:05.073Z,null,null,NEVER_FAILED,null,null,null,NEVER_FAILED,null
2026-04-01,2026-04-01,SBT,ALL,SBT_SPORTSBOOK BALANCES TO 0,0.0000,0.0000,0,-1,0,-1,PASS,PASS,PASS,2026-04-14T01:05:05.073Z,null,null,NEVER_FAILED,null,null,null,NEVER_FAILED,null
2026-04-01,2026-04-01,SBT,ALL,SBT_WALLET BALANCES TO 0,0.0000,0.0000,10000,-1,10000,-1,PASS,PASS,PASS,2026-04-14T01:05:05.073Z,null,null,NEVER_FAILED,null,null,null,NEVER_FAILED,null
2026-04-01,2026-04-01,SBT,CASH,CUSTOMER BALANCES CASH,0.0000,0.0000,20000,-1,100000,-1,PASS,PASS,PASS,2026-04-14T01:05:05.073Z,2026-04-01T15:04:54.441Z,2026-04-01T22:13:48.782Z,RESOLVED,7,2026-04-01T15:04:54.441Z,2026-04-01T22:13:48.782Z,RESOLVED,7
2026-04-01,2026-04-01,SBT,CASH,DEPOSIT CONTROL DEPOSIT CASH,0.0000,0.0000,20000,100000,-1,-1,PASS,PASS,PASS,2026-04-14T01:05:05.073Z,null,null,NEVER_FAILED,null,null,null,NEVER_FAILED,null
2026-04-01,2026-04-01,SBT,CASH,MANUAL CONTROL,0.0000,0.0000,20000,100000,100000,500000,PASS,PASS,PASS,2026-04-14T01:05:05.073Z,null,null,NEVER_FAILED,null,null,null,NEVER_FAILED,null
2026-04-01,2026-04-01,SBT,CASH,OPEN BETS CASH,-413.6502,-413.6502,20000,100000,100000,500000,PASS,PASS,PASS,2026-04-14T01:05:05.073Z,2026-04-01T15:04:54.441Z,2026-04-01T22:13:48.782Z,RESOLVED,7,2026-04-01T15:04:54.441Z,2026-04-01T22:13:48.782Z,RESOLVED,7
2026-04-01,2026-04-01,SBT,CASH,SBT_BALANCE CUSTOMER BALANCES EXPECTED ROWCOUNT,0.0000,0.0000,0,-1,0,-1,PASS,PASS,PASS,2026-04-14T01:05:05.073Z,null,null,NEVER_FAILED,null,null,null,NEVER_FAILED,null
2026-04-01,2026-04-01,SBT,CASH,SPORTS CONTROL PAYOUT CASH,-0.1204,-0.1204,20000,100000,100000,500000,PASS,PASS,PASS,2026-04-14T01:05:05.073Z,null,null,NEVER_FAILED,null,null,null,NEVER_FAILED,null
2026-04-01,2026-04-01,SBT,CASH,SPORTS CONTROL PAYOUT REVERSAL CASH,0.0005,0.0005,20000,100000,100000,500000,PASS,PASS,PASS,2026-04-14T01:05:05.073Z,null,null,NEVER_FAILED,null,null,null,NEVER_FAILED,null
2026-04-01,2026-04-01,SBT,CASH,SPORTS CONTROL PLACED STAKE CASH,52.5072,52.5072,20000,100000,100000,500000,PASS,PASS,PASS,2026-04-14T01:05:05.073Z,null,null,NEVER_FAILED,null,null,null,NEVER_FAILED,null
2026-04-01,2026-04-01,SBT,CASH,SPORTS CONTROL STAKE REFUND CASH,0.0013,0.0013,20000,100000,100000,500000,PASS,PASS,PASS,2026-04-14T01:05:05.073Z,null,null,NEVER_FAILED,null,null,null,NEVER_FAILED,null
2026-04-01,2026-04-01,SBT,CASH,WITHDRAWAL CONTROL,0.0000,0.0000,20000,100000,100000,500000,PASS,PASS,PASS,2026-04-14T01:05:05.073Z,2026-04-01T15:04:54.441Z,2026-04-01T22:13:48.782Z,RESOLVED,7,2026-04-01T15:04:54.441Z,2026-04-01T22:13:48.782Z,RESOLVED,7
2026-04-01,2026-04-02,SBT,ALL,SBT_MANUAL BALANCES TO 0,0.0000,0.0000,0,-1,0,-1,PASS,PASS,PASS,2026-04-14T01:05:05.073Z,null,null,NEVER_FAILED,null,null,null,NEVER_FAILED,null
2026-04-01,2026-04-02,SBT,ALL,SBT_PAYMENT BALANCES TO 0,0.0000,0.0000,0,-1,0,-1,PASS,PASS,PASS,2026-04-14T01:05:05.073Z,null,null,NEVER_FAILED,null,null,null,NEVER_FAILED,null
2026-04-01,2026-04-02,SBT,ALL,SBT_SPORTSBOOK BALANCES TO 0,0.0000,0.0000,0,-1,0,-1,PASS,PASS,PASS,2026-04-14T01:05:05.073Z,null,null,NEVER_FAILED,null,null,null,NEVER_FAILED,null
2026-04-01,2026-04-02,SBT,ALL,SBT_WALLET BALANCES TO 0,0.0000,0.0000,10000,-1,10000,-1,PASS,PASS,PASS,2026-04-14T01:05:05.073Z,null,null,NEVER_FAILED,null,null,null,NEVER_FAILED,null
2026-04-01,2026-04-02,SBT,CASH,CUSTOMER BALANCES CASH,0.0000,0.0000,20000,-1,100000,-1,PASS,PASS,PASS,2026-04-14T01:05:05.073Z,2026-04-02T15:04:38.693Z,2026-04-02T22:14:09.338Z,RESOLVED,7,2026-04-02T15:04:38.693Z,2026-04-02T22:14:09.338Z,RESOLVED,7
2026-04-01,2026-04-02,SBT,CASH,DEPOSIT CONTROL DEPOSIT CASH,0.0000,0.0000,20000,100000,-1,-1,PASS,PASS,PASS,2026-04-14T01:05:05.073Z,null,null,NEVER_FAILED,null,null,null,NEVER_FAILED,null
2026-04-01,2026-04-02,SBT,CASH,MANUAL CONTROL,0.0000,0.0000,20000,100000,100000,500000,PASS,PASS,PASS,2026-04-14T01:05:05.073Z,null,null,NEVER_FAILED,null,null,null,NEVER_FAILED,null
2026-04-01,2026-04-02,SBT,CASH,OPEN BETS CASH,444.4306,30.7804,20000,100000,100000,500000,PASS,PASS,PASS,2026-04-14T01:05:05.073Z,2026-04-02T15:04:38.693Z,2026-04-02T22:14:09.338Z,RESOLVED,7,2026-04-02T15:04:38.693Z,2026-04-02T22:14:09.338Z,RESOLVED,7
2026-04-01,2026-04-02,SBT,CASH,SBT_BALANCE CUSTOMER BALANCES EXPECTED ROWCOUNT,0.0000,0.0000,0,-1,0,-1,PASS,PASS,PASS,2026-04-14T01:05:05.073Z,null,null,NEVER_FAILED,null,null,null,NEVER_FAILED,null
2026-04-01,2026-04-02,SBT,CASH,SPORTS CONTROL PAYOUT CASH,-60.2480,-60.3684,20000,100000,100000,500000,PASS,PASS,PASS,2026-04-14T01:05:05.073Z,null,null,NEVER_FAILED,null,null,null,NEVER_FAILED,null
2026-04-01,2026-04-02,SBT,CASH,SPORTS CONTROL PAYOUT REVERSAL CASH,-15.6195,-15.6190,20000,100000,100000,500000,PASS,PASS,PASS,2026-04-14T01:05:05.073Z,null,null,NEVER_FAILED,null,null,null,NEVER_FAILED,null
2026-04-01,2026-04-02,SBT,CASH,SPORTS CONTROL PLACED STAKE CASH,-45.6929,6.8143,20000,100000,100000,500000,PASS,PASS,PASS,2026-04-14T01:05:05.073Z,null,null,NEVER_FAILED,null,null,null,NEVER_FAILED,null
2026-04-01,2026-04-02,SBT,CASH,SPORTS CONTROL STAKE REFUND CASH,15.6049,15.6062,20000,100000,100000,500000,PASS,PASS,PASS,2026-04-14T01:05:05.073Z,null,null,NEVER_FAILED,null,null,null,NEVER_FAILED,null
2026-04-01,2026-04-02,SBT,CASH,WITHDRAWAL CONTROL,0.0000,0.0000,20000,100000,100000,500000,PASS,PASS,PASS,2026-04-14T01:05:05.073Z,2026-04-02T15:04:38.693Z,2026-04-02T22:14:09.338Z,RESOLVED,7,2026-04-02T15:04:38.693Z,2026-04-02T22:14:09.338Z,RESOLVED,7
2026-04-01,2026-04-03,SBT,ALL,SBT_MANUAL BALANCES TO 0,0.0000,0.0000,0,-1,0,-1,PASS,PASS,PASS,2026-04-14T01:05:05.073Z,null,null,NEVER_FAILED,null,null,null,NEVER_FAILED,null
2026-04-01,2026-04-03,SBT,ALL,SBT_PAYMENT BALANCES TO 0,0.0000,0.0000,0,-1,0,-1,PASS,PASS,PASS,2026-04-14T01:05:05.073Z,null,null,NEVER_FAILED,null,null,null,NEVER_FAILED,null
2026-04-01,2026-04-03,SBT,ALL,SBT_SPORTSBOOK BALANCES TO 0,0.0000,0.0000,0,-1,0,-1,PASS,PASS,PASS,2026-04-14T01:05:05.073Z,null,null,NEVER_FAILED,null,null,null,NEVER_FAILED,null
2026-04-01,2026-04-03,SBT,ALL,SBT_WALLET BALANCES TO 0,0.0000,0.0000,10000,-1,10000,-1,PASS,PASS,PASS,2026-04-14T01:05:05.073Z,null,null,NEVER_FAILED,null,null,null,NEVER_FAILED,null
2026-04-01,2026-04-03,SBT,CASH,CUSTOMER BALANCES CASH,0.0000,0.0000,20000,-1,100000,-1,PASS,PASS,PASS,2026-04-14T01:05:05.073Z,2026-04-03T15:04:54.054Z,2026-04-03T22:15:00.187Z,RESOLVED,7,2026-04-03T15:04:54.054Z,2026-04-03T22:15:00.187Z,RESOLVED,7
2026-04-01,2026-04-03,SBT,CASH,DEPOSIT CONTROL DEPOSIT CASH,0.0000,0.0000,20000,100000,-1,-1,PASS,PASS,PASS,2026-04-14T01:05:05.073Z,null,null,NEVER_FAILED,null,null,null,NEVER_FAILED,null
2026-04-01,2026-04-03,SBT,CASH,MANUAL CONTROL,0.0000,0.0000,20000,100000,100000,500000,PASS,PASS,PASS,2026-04-14T01:05:05.073Z,null,null,NEVER_FAILED,null,null,null,NEVER_FAILED,null
2026-04-01,2026-04-03,SBT,CASH,OPEN BETS CASH,-9.9185,20.8619,20000,100000,100000,500000,PASS,PASS,PASS,2026-04-14T01:05:05.073Z,2026-04-03T15:04:54.054Z,2026-04-03T22:15:00.187Z,RESOLVED,7,2026-04-03T15:04:54.054Z,2026-04-03T22:15:00.187Z,RESOLVED,7
2026-04-01,2026-04-03,SBT,CASH,SBT_BALANCE CUSTOMER BALANCES EXPECTED ROWCOUNT,0.0000,0.0000,0,-1,0,-1,PASS,PASS,PASS,2026-04-14T01:05:05.073Z,null,null,NEVER_FAILED,null,null,null,NEVER_FAILED,null
2026-04-01,2026-04-03,SBT,CASH,SPORTS CONTROL PAYOUT CASH,59.8738,-0.4946,20000,100000,100000,500000,PASS,PASS,PASS,2026-04-14T01:05:05.073Z,null,null,NEVER_FAILED,null,null,null,NEVER_FAILED,null
2026-04-01,2026-04-03,SBT,CASH,SPORTS CONTROL PAYOUT REVERSAL CASH,-2.1099,-17.7289,20000,100000,100000,500000,PASS,PASS,PASS,2026-04-14T01:05:05.073Z,null,null,NEVER_FAILED,null,null,null,NEVER_FAILED,null
2026-04-01,2026-04-03,SBT,CASH,SPORTS CONTROL PLACED STAKE CASH,3.4183,10.2326,20000,100000,100000,500000,PASS,PASS,PASS,2026-04-14T01:05:05.073Z,null,null,NEVER_FAILED,null,null,null,NEVER_FAILED,null
2026-04-01,2026-04-03,SBT,CASH,SPORTS CONTROL STAKE REFUND CASH,2.1054,17.7116,20000,100000,100000,500000,PASS,PASS,PASS,2026-04-14T01:05:05.073Z,null,null,NEVER_FAILED,null,null,null,NEVER_FAILED,null
2026-04-01,2026-04-03,SBT,CASH,WITHDRAWAL CONTROL,400.0000,400.0000,20000,100000,100000,500000,PASS,PASS,PASS,2026-04-14T01:05:05.073Z,2026-04-03T15:04:54.054Z,2026-04-03T22:15:00.187Z,RESOLVED,7,2026-04-03T15:04:54.054Z,2026-04-03T22:15:00.187Z,RESOLVED,7
2026-04-01,2026-04-04,SBT,ALL,SBT_INTERNAL BALANCES TO 0,0.0000,0.0000,0,-1,0,-1,PASS,PASS,PASS,2026-04-14T01:05:05.073Z,null,null,NEVER_FAILED,null,null,null,NEVER_FAILED,null
2026-04-01,2026-04-04,SBT,ALL,SBT_MANUAL BALANCES TO 0,0.0000,0.0000,0,-1,0,-1,PASS,PASS,PASS,2026-04-14T01:05:05.073Z,null,null,NEVER_FAILED,null,null,null,NEVER_FAILED,null
2026-04-01,2026-04-04,SBT,ALL,SBT_PAYMENT BALANCES TO 0,0.0000,0.0000,0,-1,0,-1,PASS,PASS,PASS,2026-04-14T01:05:05.073Z,null,null,NEVER_FAILED,null,null,null,NEVER_FAILED,null
2026-04-01,2026-04-04,SBT,ALL,SBT_SPORTSBOOK BALANCES TO 0,0.0000,0.0000,0,-1,0,-1,PASS,PASS,PASS,2026-04-14T01:05:05.073Z,null,null,NEVER_FAILED,null,null,null,NEVER_FAILED,null
2026-04-01,2026-04-04,SBT,ALL,SBT_WALLET BALANCES TO 0,0.0000,0.0000,10000,-1,10000,-1,PASS,PASS,PASS,2026-04-14T01:05:05.073Z,null,null,NEVER_FAILED,null,null,null,NEVER_FAILED,null
2026-04-01,2026-04-04,SBT,CASH,CUSTOMER BALANCES CASH,0.0000,0.0000,20000,-1,100000,-1,PASS,PASS,PASS,2026-04-14T01:05:05.073Z,2026-04-04T22:10:52.579Z,2026-04-05T22:15:20.013Z,RESOLVED,24,2026-04-04T22:10:52.579Z,2026-04-05T22:15:20.013Z,RESOLVED,24
2026-04-01,2026-04-04,SBT,CASH,DEPOSIT CONTROL DEPOSIT CASH,0.0000,0.0000,20000,100000,-1,-1,PASS,PASS,PASS,2026-04-14T01:05:05.073Z,null,null,NEVER_FAILED,null,null,null,NEVER_FAILED,null
2026-04-01,2026-04-04,SBT,CASH,MANUAL CONTROL,0.0000,0.0000,20000,100000,100000,500000,PASS,PASS,PASS,2026-04-14T01:05:05.073Z,null,null,NEVER_FAILED,null,null,null,NEVER_FAILED,null
2026-04-01,2026-04-04,SBT,CASH,OPEN BETS CASH,76.8809,97.7428,20000,100000,100000,500000,PASS,PASS,PASS,2026-04-14T01:05:05.073Z,2026-04-04T22:10:52.579Z,2026-04-05T22:15:20.013Z,RESOLVED,24,2026-04-04T22:10:52.579Z,2026-04-05T22:15:20.013Z,RESOLVED,24
2026-04-01,2026-04-04,SBT,CASH,SBT_BALANCE CUSTOMER BALANCES EXPECTED ROWCOUNT,0.0000,0.0000,0,-1,0,-1,PASS,PASS,PASS,2026-04-14T01:05:05.073Z,null,null,NEVER_FAILED,null,null,null,NEVER_FAILED,null
2026-04-01,2026-04-04,SBT,CASH,SPORTS CONTROL PAYOUT CASH,-0.5498,-1.0444,20000,100000,100000,500000,PASS,PASS,PASS,2026-04-14T01:05:05.073Z,null,null,NEVER_FAILED,null,null,null,NEVER_FAILED,null
2026-04-01,2026-04-04,SBT,CASH,SPORTS CONTROL PAYOUT REVERSAL CASH,-11.8206,-29.5495,20000,100000,100000,500000,PASS,PASS,PASS,2026-04-14T01:05:05.073Z,null,null,NEVER_FAILED,null,null,null,NEVER_FAILED,null
2026-04-01,2026-04-04,SBT,CASH,SPORTS CONTROL PLACED STAKE CASH,2.9568,13.1894,20000,100000,100000,500000,PASS,PASS,PASS,2026-04-14T01:05:05.073Z,null,null,NEVER_FAILED,null,null,null,NEVER_FAILED,null
2026-04-01,2026-04-04,SBT,CASH,SPORTS CONTROL STAKE REFUND CASH,11.8103,29.5219,20000,100000,100000,500000,PASS,PASS,PASS,2026-04-14T01:05:05.073Z,null,null,NEVER_FAILED,null,null,null,NEVER_FAILED,null
2026-04-01,2026-04-04,SBT,CASH,WITHDRAWAL CONTROL,0.0000,400.0000,20000,100000,100000,500000,PASS,PASS,PASS,2026-04-14T01:05:05.073Z,2026-04-04T22:10:52.579Z,2026-04-05T22:15:20.013Z,RESOLVED,24,2026-04-04T22:10:52.579Z,2026-04-05T22:15:20.013Z,RESOLVED,24
2026-04-01,2026-04-05,SBT,ALL,SBT_MANUAL BALANCES TO 0,0.0000,0.0000,0,-1,0,-1,PASS,PASS,PASS,2026-04-14T01:05:05.073Z,null,null,NEVER_FAILED,null,null,null,NEVER_FAILED,null
2026-04-01,2026-04-05,SBT,ALL,SBT_PAYMENT BALANCES TO 0,0.0000,0.0000,0,-1,0,-1,PASS,PASS,PASS,2026-04-14T01:05:05.073Z,null,null,NEVER_FAILED,null,null,null,NEVER_FAILED,null
2026-04-01,2026-04-05,SBT,ALL,SBT_SPORTSBOOK BALANCES TO 0,0.0000,0.0000,0,-1,0,-1,PASS,PASS,PASS,2026-04-14T01:05:05.073Z,null,null,NEVER_FAILED,null,null,null,NEVER_FAILED,null
2026-04-01,2026-04-05,SBT,ALL,SBT_WALLET BALANCES TO 0,0.0000,0.0000,10000,-1,10000,-1,PASS,PASS,PASS,2026-04-14T01:05:05.073Z,null,null,NEVER_FAILED,null,null,null,NEVER_FAILED,null
2026-04-01,2026-04-05,SBT,CASH,CUSTOMER BALANCES CASH,0.0000,0.0000,20000,-1,100000,-1,PASS,PASS,PASS,2026-04-14T01:05:05.073Z,2026-04-05T22:15:20.013Z,2026-04-06T22:14:14.253Z,RESOLVED,23,2026-04-05T22:15:20.013Z,2026-04-06T22:14:14.253Z,RESOLVED,23
2026-04-01,2026-04-05,SBT,CASH,DEPOSIT CONTROL DEPOSIT CASH,0.0000,0.0000,20000,100000,-1,-1,PASS,PASS,PASS,2026-04-14T01:05:05.073Z,null,null,NEVER_FAILED,null,null,null,NEVER_FAILED,null
2026-04-01,2026-04-05,SBT,CASH,MANUAL CONTROL,0.0000,0.0000,20000,100000,100000,500000,PASS,PASS,PASS,2026-04-14T01:05:05.073Z,null,null,NEVER_FAILED,null,null,null,NEVER_FAILED,null
2026-04-01,2026-04-05,SBT,CASH,OPEN BETS CASH,251.2203,348.9631,20000,100000,100000,500000,PASS,PASS,PASS,2026-04-14T01:05:05.073Z,2026-04-05T22:15:20.013Z,2026-04-06T22:14:14.253Z,RESOLVED,23,2026-04-05T22:15:20.013Z,2026-04-06T22:14:14.253Z,RESOLVED,23
2026-04-01,2026-04-05,SBT,CASH,SBT_BALANCE CUSTOMER BALANCES EXPECTED ROWCOUNT,0.0000,0.0000,0,-1,0,-1,PASS,PASS,PASS,2026-04-14T01:05:05.073Z,null,null,NEVER_FAILED,null,null,null,NEVER_FAILED,null
2026-04-01,2026-04-05,SBT,CASH,SPORTS CONTROL PAYOUT CASH,-0.2939,-1.3383,20000,100000,100000,500000,PASS,PASS,PASS,2026-04-14T01:05:05.073Z,null,null,NEVER_FAILED,null,null,null,NEVER_FAILED,null
2026-04-01,2026-04-05,SBT,CASH,SPORTS CONTROL PAYOUT REVERSAL CASH,-10.9585,-40.5080,20000,100000,100000,500000,PASS,PASS,PASS,2026-04-14T01:05:05.073Z,null,null,NEVER_FAILED,null,null,null,NEVER_FAILED,null
2026-04-01,2026-04-05,SBT,CASH,SPORTS CONTROL PLACED STAKE CASH,1.7419,14.9313,20000,100000,100000,500000,PASS,PASS,PASS,2026-04-14T01:05:05.073Z,null,null,NEVER_FAILED,null,null,null,NEVER_FAILED,null
2026-04-01,2026-04-05,SBT,CASH,SPORTS CONTROL STAKE REFUND CASH,10.9276,40.4495,20000,100000,100000,500000,PASS,PASS,PASS,2026-04-14T01:05:05.073Z,null,null,NEVER_FAILED,null,null,null,NEVER_FAILED,null
2026-04-01,2026-04-05,SBT,CASH,WITHDRAWAL CONTROL,0.0000,400.0000,20000,100000,100000,500000,PASS,PASS,PASS,2026-04-14T01:05:05.073Z,2026-04-05T22:15:20.013Z,2026-04-06T22:14:14.253Z,RESOLVED,23,2026-04-05T22:15:20.013Z,2026-04-06T22:14:14.253Z,RESOLVED,23
2026-04-01,2026-04-06,SBT,ALL,SBT_MANUAL BALANCES TO 0,0.0000,0.0000,0,-1,0,-1,PASS,PASS,PASS,2026-04-14T01:05:05.073Z,null,null,NEVER_FAILED,null,null,null,NEVER_FAILED,null
2026-04-01,2026-04-06,SBT,ALL,SBT_PAYMENT BALANCES TO 0,0.0000,0.0000,0,-1,0,-1,PASS,PASS,PASS,2026-04-14T01:05:05.073Z,null,null,NEVER_FAILED,null,null,null,NEVER_FAILED,null
2026-04-01,2026-04-06,SBT,ALL,SBT_SPORTSBOOK BALANCES TO 0,0.0000,0.0000,0,-1,0,-1,PASS,PASS,PASS,2026-04-14T01:05:05.073Z,null,null,NEVER_FAILED,null,null,null,NEVER_FAILED,null
2026-04-01,2026-04-06,SBT,ALL,SBT_WALLET BALANCES TO 0,0.0000,0.0000,10000,-1,10000,-1,PASS,PASS,PASS,2026-04-14T01:05:05.073Z,null,null,NEVER_FAILED,null,null,null,NEVER_FAILED,null
2026-04-01,2026-04-06,SBT,CASH,CUSTOMER BALANCES CASH,0.0000,0.0000,20000,-1,100000,-1,PASS,PASS,PASS,2026-04-14T01:05:05.073Z,2026-04-06T22:14:14.253Z,2026-04-07T15:51:51.579Z,RESOLVED,17,2026-04-06T22:14:14.253Z,2026-04-07T15:51:51.579Z,RESOLVED,17
2026-04-01,2026-04-06,SBT,CASH,DEPOSIT CONTROL DEPOSIT CASH,0.0000,0.0000,20000,100000,-1,-1,PASS,PASS,PASS,2026-04-14T01:05:05.073Z,null,null,NEVER_FAILED,null,null,null,NEVER_FAILED,null
2026-04-01,2026-04-06,SBT,CASH,MANUAL CONTROL,0.0000,0.0000,20000,100000,100000,500000,PASS,PASS,PASS,2026-04-14T01:05:05.073Z,null,null,NEVER_FAILED,null,null,null,NEVER_FAILED,null
2026-04-01,2026-04-06,SBT,CASH,OPEN BETS CASH,16.9844,365.9475,20000,100000,100000,500000,PASS,PASS,PASS,2026-04-14T01:05:05.073Z,2026-04-06T22:14:14.253Z,2026-04-07T15:51:51.579Z,RESOLVED,17,2026-04-06T22:14:14.253Z,2026-04-07T15:51:51.579Z,RESOLVED,17
2026-04-01,2026-04-06,SBT,CASH,SBT_BALANCE CUSTOMER BALANCES EXPECTED ROWCOUNT,0.0000,0.0000,0,-1,0,-1,PASS,PASS,PASS,2026-04-14T01:05:05.073Z,null,null,NEVER_FAILED,null,null,null,NEVER_FAILED,null
2026-04-01,2026-04-06,SBT,CASH,SPORTS CONTROL PAYOUT CASH,-0.3546,-1.6929,20000,100000,100000,500000,PASS,PASS,PASS,2026-04-14T01:05:05.073Z,null,null,NEVER_FAILED,null,null,null,NEVER_FAILED,null
2026-04-01,2026-04-06,SBT,CASH,SPORTS CONTROL PAYOUT REVERSAL CASH,-32.4096,-72.9176,20000,100000,100000,500000,PASS,PASS,PASS,2026-04-14T01:05:05.073Z,null,null,NEVER_FAILED,null,null,null,NEVER_FAILED,null
2026-04-01,2026-04-06,SBT,CASH,SPORTS CONTROL PLACED STAKE CASH,0.9271,15.8584,20000,100000,100000,500000,PASS,PASS,PASS,2026-04-14T01:05:05.073Z,null,null,NEVER_FAILED,null,null,null,NEVER_FAILED,null
2026-04-01,2026-04-06,SBT,CASH,SPORTS CONTROL STAKE REFUND CASH,32.4043,72.8538,20000,100000,100000,500000,PASS,PASS,PASS,2026-04-14T01:05:05.073Z,null,null,NEVER_FAILED,null,null,null,NEVER_FAILED,null
2026-04-01,2026-04-06,SBT,CASH,WITHDRAWAL CONTROL,140.0000,540.0000,20000,100000,100000,500000,PASS,PASS,PASS,2026-04-14T01:05:05.073Z,2026-04-06T22:14:14.253Z,2026-04-07T15:51:51.579Z,RESOLVED,17,2026-04-06T22:14:14.253Z,2026-04-07T15:51:51.579Z,RESOLVED,17
2026-04-01,2026-04-07,SBT,ALL,SBT_MANUAL BALANCES TO 0,0.0000,0.0000,0,-1,0,-1,PASS,PASS,PASS,2026-04-14T01:05:05.073Z,null,null,NEVER_FAILED,null,null,null,NEVER_FAILED,null
2026-04-01,2026-04-07,SBT,ALL,SBT_PAYMENT BALANCES TO 0,0.0000,0.0000,0,-1,0,-1,PASS,PASS,PASS,2026-04-14T01:05:05.073Z,null,null,NEVER_FAILED,null,null,null,NEVER_FAILED,null
2026-04-01,2026-04-07,SBT,ALL,SBT_SPORTSBOOK BALANCES TO 0,0.0000,0.0000,0,-1,0,-1,PASS,PASS,PASS,2026-04-14T01:05:05.073Z,null,null,NEVER_FAILED,null,null,null,NEVER_FAILED,null
2026-04-01,2026-04-07,SBT,ALL,SBT_WALLET BALANCES TO 0,0.0000,0.0000,10000,-1,10000,-1,PASS,PASS,PASS,2026-04-14T01:05:05.073Z,null,null,NEVER_FAILED,null,null,null,NEVER_FAILED,null
2026-04-01,2026-04-07,SBT,CASH,CUSTOMER BALANCES CASH,0.0000,0.0000,20000,-1,100000,-1,PASS,PASS,PASS,2026-04-14T01:05:05.073Z,2026-04-07T15:51:51.579Z,2026-04-07T23:13:04.386Z,RESOLVED,7,2026-04-07T15:51:51.579Z,2026-04-07T23:13:04.386Z,RESOLVED,7
2026-04-01,2026-04-07,SBT,CASH,DEPOSIT CONTROL DEPOSIT CASH,0.0000,0.0000,20000,100000,-1,-1,PASS,PASS,PASS,2026-04-14T01:05:05.073Z,null,null,NEVER_FAILED,null,null,null,NEVER_FAILED,null
2026-04-01,2026-04-07,SBT,CASH,MANUAL CONTROL,44.5900,44.5900,20000,100000,100000,500000,PASS,PASS,PASS,2026-04-14T01:05:05.073Z,null,null,NEVER_FAILED,null,null,null,NEVER_FAILED,null
2026-04-01,2026-04-07,SBT,CASH,OPEN BETS CASH,-35.6397,330.3078,20000,100000,100000,500000,PASS,PASS,PASS,2026-04-14T01:05:05.073Z,2026-04-07T15:51:51.579Z,2026-04-07T23:13:04.386Z,RESOLVED,7,2026-04-07T15:51:51.579Z,2026-04-07T23:13:04.386Z,RESOLVED,7
2026-04-01,2026-04-07,SBT,CASH,SBT_BALANCE CUSTOMER BALANCES EXPECTED ROWCOUNT,0.0000,0.0000,0,-1,0,-1,PASS,PASS,PASS,2026-04-14T01:05:05.073Z,null,null,NEVER_FAILED,null,null,null,NEVER_FAILED,null
2026-04-01,2026-04-07,SBT,CASH,SPORTS CONTROL PAYOUT CASH,-0.0951,-1.7880,20000,100000,100000,500000,PASS,PASS,PASS,2026-04-14T01:05:05.073Z,null,null,NEVER_FAILED,null,null,null,NEVER_FAILED,null
2026-04-01,2026-04-07,SBT,CASH,SPORTS CONTROL PAYOUT REVERSAL CASH,0.0001,-72.9175,20000,100000,100000,500000,PASS,PASS,PASS,2026-04-14T01:05:05.073Z,null,null,NEVER_FAILED,null,null,null,NEVER_FAILED,null
2026-04-01,2026-04-07,SBT,CASH,SPORTS CONTROL PLACED STAKE CASH,1.3018,17.1602,20000,100000,100000,500000,PASS,PASS,PASS,2026-04-14T01:05:05.073Z,null,null,NEVER_FAILED,null,null,null,NEVER_FAILED,null
2026-04-01,2026-04-07,SBT,CASH,SPORTS CONTROL STAKE REFUND CASH,-0.0013,72.8525,20000,100000,100000,500000,PASS,PASS,PASS,2026-04-14T01:05:05.073Z,null,null,NEVER_FAILED,null,null,null,NEVER_FAILED,null
2026-04-01,2026-04-07,SBT,CASH,WITHDRAWAL CONTROL,0.0000,540.0000,20000,100000,100000,500000,PASS,PASS,PASS,2026-04-14T01:05:05.073Z,2026-04-07T15:51:51.579Z,2026-04-07T23:13:04.386Z,RESOLVED,7,2026-04-07T15:51:51.579Z,2026-04-07T23:13:04.386Z,RESOLVED,7
2026-04-01,2026-04-08,SBT,ALL,SBT_MANUAL BALANCES TO 0,0.0000,0.0000,0,-1,0,-1,PASS,PASS,PASS,2026-04-14T01:05:05.073Z,null,null,NEVER_FAILED,null,null,null,NEVER_FAILED,null
2026-04-01,2026-04-08,SBT,ALL,SBT_PAYMENT BALANCES TO 0,0.0000,0.0000,0,-1,0,-1,PASS,PASS,PASS,2026-04-14T01:05:05.073Z,null,null,NEVER_FAILED,null,null,null,NEVER_FAILED,null
2026-04-01,2026-04-08,SBT,ALL,SBT_SPORTSBOOK BALANCES TO 0,0.0000,0.0000,0,-1,0,-1,PASS,PASS,PASS,2026-04-14T01:05:05.073Z,null,null,NEVER_FAILED,null,null,null,NEVER_FAILED,null
2026-04-01,2026-04-08,SBT,ALL,SBT_WALLET BALANCES TO 0,0.0000,0.0000,10000,-1,10000,-1,PASS,PASS,PASS,2026-04-14T01:05:05.073Z,null,null,NEVER_FAILED,null,null,null,NEVER_FAILED,null
2026-04-01,2026-04-08,SBT,CASH,CUSTOMER BALANCES CASH,0.0000,0.0000,20000,-1,100000,-1,PASS,PASS,PASS,2026-04-14T01:05:05.073Z,null,null,NEVER_FAILED,null,null,null,NEVER_FAILED,null
2026-04-01,2026-04-08,SBT,CASH,DEPOSIT CONTROL DEPOSIT CASH,0.0000,0.0000,20000,100000,-1,-1,PASS,PASS,PASS,2026-04-14T01:05:05.073Z,null,null,NEVER_FAILED,null,null,null,NEVER_FAILED,null
2026-04-01,2026-04-08,SBT,CASH,MANUAL CONTROL,0.0000,44.5900,20000,100000,100000,500000,PASS,PASS,PASS,2026-04-14T01:05:05.073Z,null,null,NEVER_FAILED,null,null,null,NEVER_FAILED,null
2026-04-01,2026-04-08,SBT,CASH,OPEN BETS CASH,-111.9751,218.3327,20000,100000,100000,500000,PASS,PASS,PASS,2026-04-14T01:05:05.073Z,null,null,NEVER_FAILED,null,null,null,NEVER_FAILED,null
2026-04-01,2026-04-08,SBT,CASH,SBT_BALANCE CUSTOMER BALANCES EXPECTED ROWCOUNT,0.0000,0.0000,0,-1,0,-1,PASS,PASS,PASS,2026-04-14T01:05:05.073Z,null,null,NEVER_FAILED,null,null,null,NEVER_FAILED,null
2026-04-01,2026-04-08,SBT,CASH,SPORTS CONTROL PAYOUT CASH,-0.2188,-2.0068,20000,100000,100000,500000,PASS,PASS,PASS,2026-04-14T01:05:05.073Z,null,null,NEVER_FAILED,null,null,null,NEVER_FAILED,null
2026-04-01,2026-04-08,SBT,CASH,SPORTS CONTROL PAYOUT REVERSAL CASH,0.0000,-72.9175,20000,100000,100000,500000,PASS,PASS,PASS,2026-04-14T01:05:05.073Z,null,null,NEVER_FAILED,null,null,null,NEVER_FAILED,null
2026-04-01,2026-04-08,SBT,CASH,SPORTS CONTROL PLACED STAKE CASH,2.1084,19.2686,20000,100000,100000,500000,PASS,PASS,PASS,2026-04-14T01:05:05.073Z,null,null,NEVER_FAILED,null,null,null,NEVER_FAILED,null
2026-04-01,2026-04-08,SBT,CASH,SPORTS CONTROL STAKE REFUND CASH,0.0030,72.8555,20000,100000,100000,500000,PASS,PASS,PASS,2026-04-14T01:05:05.073Z,null,null,NEVER_FAILED,null,null,null,NEVER_FAILED,null
2026-04-01,2026-04-08,SBT,CASH,WITHDRAWAL CONTROL,0.0000,540.0000,20000,100000,100000,500000,PASS,PASS,PASS,2026-04-14T01:05:05.073Z,null,null,NEVER_FAILED,null,null,null,NEVER_FAILED,null
2026-04-01,2026-04-09,SBT,ALL,SBT_MANUAL BALANCES TO 0,0.0000,0.0000,0,-1,0,-1,PASS,PASS,PASS,2026-04-14T01:05:05.073Z,null,null,NEVER_FAILED,null,null,null,NEVER_FAILED,null
2026-04-01,2026-04-09,SBT,ALL,SBT_PAYMENT BALANCES TO 0,0.0000,0.0000,0,-1,0,-1,PASS,PASS,PASS,2026-04-14T01:05:05.073Z,null,null,NEVER_FAILED,null,null,null,NEVER_FAILED,null
2026-04-01,2026-04-09,SBT,ALL,SBT_SPORTSBOOK BALANCES TO 0,0.0000,0.0000,0,-1,0,-1,PASS,PASS,PASS,2026-04-14T01:05:05.073Z,null,null,NEVER_FAILED,null,null,null,NEVER_FAILED,null
2026-04-01,2026-04-09,SBT,ALL,SBT_WALLET BALANCES TO 0,0.0000,0.0000,10000,-1,10000,-1,PASS,PASS,PASS,2026-04-14T01:05:05.073Z,null,null,NEVER_FAILED,null,null,null,NEVER_FAILED,null
2026-04-01,2026-04-09,SBT,CASH,CUSTOMER BALANCES CASH,0.0000,0.0000,20000,-1,100000,-1,PASS,PASS,PASS,2026-04-14T01:05:05.073Z,null,null,NEVER_FAILED,null,null,null,NEVER_FAILED,null
2026-04-01,2026-04-09,SBT,CASH,DEPOSIT CONTROL DEPOSIT CASH,0.0000,0.0000,20000,100000,-1,-1,PASS,PASS,PASS,2026-04-14T01:05:05.073Z,null,null,NEVER_FAILED,null,null,null,NEVER_FAILED,null
2026-04-01,2026-04-09,SBT,CASH,MANUAL CONTROL,0.0000,44.5900,20000,100000,100000,500000,PASS,PASS,PASS,2026-04-14T01:05:05.073Z,null,null,NEVER_FAILED,null,null,null,NEVER_FAILED,null
2026-04-01,2026-04-09,SBT,CASH,OPEN BETS CASH,-655.7108,-437.3781,20000,100000,100000,500000,PASS,PASS,PASS,2026-04-14T01:05:05.073Z,null,null,NEVER_FAILED,null,null,null,NEVER_FAILED,null
2026-04-01,2026-04-09,SBT,CASH,SBT_BALANCE CUSTOMER BALANCES EXPECTED ROWCOUNT,0.0000,0.0000,0,-1,0,-1,PASS,PASS,PASS,2026-04-14T01:05:05.073Z,null,null,NEVER_FAILED,null,null,null,NEVER_FAILED,null
2026-04-01,2026-04-09,SBT,CASH,SPORTS CONTROL PAYOUT CASH,-0.1594,-2.1662,20000,100000,100000,500000,PASS,PASS,PASS,2026-04-14T01:05:05.073Z,null,null,NEVER_FAILED,null,null,null,NEVER_FAILED,null
2026-04-01,2026-04-09,SBT,CASH,SPORTS CONTROL PAYOUT REVERSAL CASH,-748.8569,-821.7744,20000,100000,100000,500000,PASS,PASS,PASS,2026-04-14T01:05:05.073Z,null,null,NEVER_FAILED,null,null,null,NEVER_FAILED,null
2026-04-01,2026-04-09,SBT,CASH,SPORTS CONTROL PLACED STAKE CASH,5.1480,24.4166,20000,100000,100000,500000,PASS,PASS,PASS,2026-04-14T01:05:05.073Z,null,null,NEVER_FAILED,null,null,null,NEVER_FAILED,null
2026-04-01,2026-04-09,SBT,CASH,SPORTS CONTROL STAKE REFUND CASH,748.8448,821.7003,20000,100000,100000,500000,PASS,PASS,PASS,2026-04-14T01:05:05.073Z,null,null,NEVER_FAILED,null,null,null,NEVER_FAILED,null
2026-04-01,2026-04-09,SBT,CASH,WITHDRAWAL CONTROL,0.0000,540.0000,20000,100000,100000,500000,PASS,PASS,PASS,2026-04-14T01:05:05.073Z,null,null,NEVER_FAILED,null,null,null,NEVER_FAILED,null
2026-04-01,2026-04-10,SBT,ALL,SBT_INTERNAL BALANCES TO 0,0.0000,0.0000,0,-1,0,-1,PASS,PASS,PASS,2026-04-14T01:05:05.073Z,null,null,NEVER_FAILED,null,null,null,NEVER_FAILED,null
2026-04-01,2026-04-10,SBT,ALL,SBT_MANUAL BALANCES TO 0,0.0000,0.0000,0,-1,0,-1,PASS,PASS,PASS,2026-04-14T01:05:05.073Z,null,null,NEVER_FAILED,null,null,null,NEVER_FAILED,null
2026-04-01,2026-04-10,SBT,ALL,SBT_PAYMENT BALANCES TO 0,0.0000,0.0000,0,-1,0,-1,PASS,PASS,PASS,2026-04-14T01:05:05.073Z,null,null,NEVER_FAILED,null,null,null,NEVER_FAILED,null
2026-04-01,2026-04-10,SBT,ALL,SBT_SPORTSBOOK BALANCES TO 0,0.0000,0.0000,0,-1,0,-1,PASS,PASS,PASS,2026-04-14T01:05:05.073Z,null,null,NEVER_FAILED,null,null,null,NEVER_FAILED,null
2026-04-01,2026-04-10,SBT,ALL,SBT_WALLET BALANCES TO 0,0.0000,0.0000,10000,-1,10000,-1,PASS,PASS,PASS,2026-04-14T01:05:05.073Z,null,null,NEVER_FAILED,null,null,null,NEVER_FAILED,null
2026-04-01,2026-04-10,SBT,CASH,CUSTOMER BALANCES CASH,0.0000,0.0000,20000,-1,100000,-1,PASS,PASS,PASS,2026-04-14T01:05:05.073Z,null,null,NEVER_FAILED,null,null,null,NEVER_FAILED,null
2026-04-01,2026-04-10,SBT,CASH,DEPOSIT CONTROL DEPOSIT CASH,0.0000,0.0000,20000,100000,-1,-1,PASS,PASS,PASS,2026-04-14T01:05:05.073Z,null,null,NEVER_FAILED,null,null,null,NEVER_FAILED,null
2026-04-01,2026-04-10,SBT,CASH,MANUAL CONTROL,0.0000,44.5900,20000,100000,100000,500000,PASS,PASS,PASS,2026-04-14T01:05:05.073Z,null,null,NEVER_FAILED,null,null,null,NEVER_FAILED,null
2026-04-01,2026-04-10,SBT,CASH,OPEN BETS CASH,665.5682,228.1901,20000,100000,100000,500000,PASS,PASS,PASS,2026-04-14T01:05:05.073Z,null,null,NEVER_FAILED,null,null,null,NEVER_FAILED,null
2026-04-01,2026-04-10,SBT,CASH,SBT_BALANCE CUSTOMER BALANCES EXPECTED ROWCOUNT,0.0000,0.0000,0,-1,0,-1,PASS,PASS,PASS,2026-04-14T01:05:05.073Z,null,null,NEVER_FAILED,null,null,null,NEVER_FAILED,null
2026-04-01,2026-04-10,SBT,CASH,SPORTS CONTROL PAYOUT CASH,-0.1545,-2.3207,20000,100000,100000,500000,PASS,PASS,PASS,2026-04-14T01:05:05.073Z,null,null,NEVER_FAILED,null,null,null,NEVER_FAILED,null
2026-04-01,2026-04-10,SBT,CASH,SPORTS CONTROL PAYOUT REVERSAL CASH,-9.9600,-831.7344,20000,100000,100000,500000,PASS,PASS,PASS,2026-04-14T01:05:05.073Z,null,null,NEVER_FAILED,null,null,null,NEVER_FAILED,null
2026-04-01,2026-04-10,SBT,CASH,SPORTS CONTROL PLACED STAKE CASH,2.8894,27.3060,20000,100000,100000,500000,PASS,PASS,PASS,2026-04-14T01:05:05.073Z,null,null,NEVER_FAILED,null,null,null,NEVER_FAILED,null
2026-04-01,2026-04-10,SBT,CASH,SPORTS CONTROL STAKE REFUND CASH,9.9512,831.6515,20000,100000,100000,500000,PASS,PASS,PASS,2026-04-14T01:05:05.073Z,null,null,NEVER_FAILED,null,null,null,NEVER_FAILED,null
2026-04-01,2026-04-10,SBT,CASH,WITHDRAWAL CONTROL,0.0000,540.0000,20000,100000,100000,500000,PASS,PASS,PASS,2026-04-14T01:05:05.073Z,null,null,NEVER_FAILED,null,null,null,NEVER_FAILED,null
2026-04-01,2026-04-11,SBT,ALL,SBT_INTERNAL BALANCES TO 0,0.0000,0.0000,0,-1,0,-1,PASS,PASS,PASS,2026-04-14T01:05:05.073Z,null,null,NEVER_FAILED,null,null,null,NEVER_FAILED,null
2026-04-01,2026-04-11,SBT,ALL,SBT_MANUAL BALANCES TO 0,0.0000,0.0000,0,-1,0,-1,PASS,PASS,PASS,2026-04-14T01:05:05.073Z,null,null,NEVER_FAILED,null,null,null,NEVER_FAILED,null
2026-04-01,2026-04-11,SBT,ALL,SBT_PAYMENT BALANCES TO 0,0.0000,0.0000,0,-1,0,-1,PASS,PASS,PASS,2026-04-14T01:05:05.073Z,null,null,NEVER_FAILED,null,null,null,NEVER_FAILED,null
2026-04-01,2026-04-11,SBT,ALL,SBT_SPORTSBOOK BALANCES TO 0,0.0000,0.0000,0,-1,0,-1,PASS,PASS,PASS,2026-04-14T01:05:05.073Z,null,null,NEVER_FAILED,null,null,null,NEVER_FAILED,null
2026-04-01,2026-04-11,SBT,ALL,SBT_WALLET BALANCES TO 0,0.0000,0.0000,10000,-1,10000,-1,PASS,PASS,PASS,2026-04-14T01:05:05.073Z,null,null,NEVER_FAILED,null,null,null,NEVER_FAILED,null
2026-04-01,2026-04-11,SBT,CASH,CUSTOMER BALANCES CASH,0.0000,0.0000,20000,-1,100000,-1,PASS,PASS,PASS,2026-04-14T01:05:05.073Z,null,null,NEVER_FAILED,null,null,null,NEVER_FAILED,null
2026-04-01,2026-04-11,SBT,CASH,DEPOSIT CONTROL DEPOSIT CASH,0.0000,0.0000,20000,100000,-1,-1,PASS,PASS,PASS,2026-04-14T01:05:05.073Z,null,null,NEVER_FAILED,null,null,null,NEVER_FAILED,null
2026-04-01,2026-04-11,SBT,CASH,MANUAL CONTROL,0.0000,44.5900,20000,100000,100000,500000,PASS,PASS,PASS,2026-04-14T01:05:05.073Z,null,null,NEVER_FAILED,null,null,null,NEVER_FAILED,null
2026-04-01,2026-04-11,SBT,CASH,OPEN BETS CASH,121.0820,349.2721,20000,100000,100000,500000,PASS,PASS,PASS,2026-04-14T01:05:05.073Z,null,null,NEVER_FAILED,null,null,null,NEVER_FAILED,null
2026-04-01,2026-04-11,SBT,CASH,SBT_BALANCE CUSTOMER BALANCES EXPECTED ROWCOUNT,0.0000,0.0000,0,-1,0,-1,PASS,PASS,PASS,2026-04-14T01:05:05.073Z,null,null,NEVER_FAILED,null,null,null,NEVER_FAILED,null
2026-04-01,2026-04-11,SBT,CASH,SPORTS CONTROL PAYOUT CASH,-0.3484,-2.6691,20000,100000,100000,500000,PASS,PASS,PASS,2026-04-14T01:05:05.073Z,null,null,NEVER_FAILED,null,null,null,NEVER_FAILED,null
2026-04-01,2026-04-11,SBT,CASH,SPORTS CONTROL PAYOUT REVERSAL CASH,-128.5096,-960.2440,20000,100000,100000,500000,PASS,PASS,PASS,2026-04-14T01:05:05.073Z,null,null,NEVER_FAILED,null,null,null,NEVER_FAILED,null
2026-04-01,2026-04-11,SBT,CASH,SPORTS CONTROL PLACED STAKE CASH,3.4061,30.7121,20000,100000,100000,500000,PASS,PASS,PASS,2026-04-14T01:05:05.073Z,null,null,NEVER_FAILED,null,null,null,NEVER_FAILED,null
2026-04-01,2026-04-11,SBT,CASH,SPORTS CONTROL STAKE REFUND CASH,128.4755,960.1270,20000,100000,100000,500000,PASS,PASS,PASS,2026-04-14T01:05:05.073Z,null,null,NEVER_FAILED,null,null,null,NEVER_FAILED,null
2026-04-01,2026-04-11,SBT,CASH,WITHDRAWAL CONTROL,0.0000,540.0000,20000,100000,100000,500000,PASS,PASS,PASS,2026-04-14T01:05:05.073Z,null,null,NEVER_FAILED,null,null,null,NEVER_FAILED,null
2026-04-01,2026-04-12,SBT,ALL,SBT_MANUAL BALANCES TO 0,0.0000,0.0000,0,-1,0,-1,PASS,PASS,PASS,2026-04-14T01:05:05.073Z,null,null,NEVER_FAILED,null,null,null,NEVER_FAILED,null
2026-04-01,2026-04-12,SBT,ALL,SBT_PAYMENT BALANCES TO 0,0.0000,0.0000,0,-1,0,-1,PASS,PASS,PASS,2026-04-14T01:05:05.073Z,null,null,NEVER_FAILED,null,null,null,NEVER_FAILED,null
2026-04-01,2026-04-12,SBT,ALL,SBT_SPORTSBOOK BALANCES TO 0,0.0000,0.0000,0,-1,0,-1,PASS,PASS,PASS,2026-04-14T01:05:05.073Z,null,null,NEVER_FAILED,null,null,null,NEVER_FAILED,null
2026-04-01,2026-04-12,SBT,ALL,SBT_WALLET BALANCES TO 0,0.0000,0.0000,10000,-1,10000,-1,PASS,PASS,PASS,2026-04-14T01:05:05.073Z,null,null,NEVER_FAILED,null,null,null,NEVER_FAILED,null
2026-04-01,2026-04-12,SBT,CASH,CUSTOMER BALANCES CASH,0.0000,0.0000,20000,-1,100000,-1,PASS,PASS,PASS,2026-04-14T01:05:05.073Z,null,null,NEVER_FAILED,null,null,null,NEVER_FAILED,null
2026-04-01,2026-04-12,SBT,CASH,DEPOSIT CONTROL DEPOSIT CASH,0.0000,0.0000,20000,100000,-1,-1,PASS,PASS,PASS,2026-04-14T01:05:05.073Z,null,null,NEVER_FAILED,null,null,null,NEVER_FAILED,null
2026-04-01,2026-04-12,SBT,CASH,MANUAL CONTROL,0.0000,44.5900,20000,100000,100000,500000,PASS,PASS,PASS,2026-04-14T01:05:05.073Z,null,null,NEVER_FAILED,null,null,null,NEVER_FAILED,null
2026-04-01,2026-04-12,SBT,CASH,OPEN BETS CASH,31.2496,380.5217,20000,100000,100000,500000,PASS,PASS,PASS,2026-04-14T01:05:05.073Z,null,null,NEVER_FAILED,null,null,null,NEVER_FAILED,null
2026-04-01,2026-04-12,SBT,CASH,SBT_BALANCE CUSTOMER BALANCES EXPECTED ROWCOUNT,0.0000,0.0000,0,-1,0,-1,PASS,PASS,PASS,2026-04-14T01:05:05.073Z,null,null,NEVER_FAILED,null,null,null,NEVER_FAILED,null
2026-04-01,2026-04-12,SBT,CASH,SPORTS CONTROL PAYOUT CASH,-0.3422,-3.0113,20000,100000,100000,500000,PASS,PASS,PASS,2026-04-14T01:05:05.073Z,null,null,NEVER_FAILED,null,null,null,NEVER_FAILED,null
2026-04-01,2026-04-12,SBT,CASH,SPORTS CONTROL PAYOUT REVERSAL CASH,-10.1994,-970.4434,20000,100000,100000,500000,PASS,PASS,PASS,2026-04-14T01:05:05.073Z,null,null,NEVER_FAILED,null,null,null,NEVER_FAILED,null
2026-04-01,2026-04-12,SBT,CASH,SPORTS CONTROL PLACED STAKE CASH,1.6358,32.3479,20000,100000,100000,500000,PASS,PASS,PASS,2026-04-14T01:05:05.073Z,null,null,NEVER_FAILED,null,null,null,NEVER_FAILED,null
2026-04-01,2026-04-12,SBT,CASH,SPORTS CONTROL STAKE REFUND CASH,10.1787,970.3057,20000,100000,100000,500000,PASS,PASS,PASS,2026-04-14T01:05:05.073Z,null,null,NEVER_FAILED,null,null,null,NEVER_FAILED,null
2026-04-01,2026-04-12,SBT,CASH,WITHDRAWAL CONTROL,0.0000,540.0000,20000,100000,100000,500000,PASS,PASS,PASS,2026-04-14T01:05:05.073Z,null,null,NEVER_FAILED,null,null,null,NEVER_FAILED,null
2026-04-01,2026-04-13,SBT,ALL,SBT_MANUAL BALANCES TO 0,0.0000,0.0000,0,-1,0,-1,PASS,PASS,PASS,2026-04-14T01:05:05.073Z,null,null,NEVER_FAILED,null,null,null,NEVER_FAILED,null
2026-04-01,2026-04-13,SBT,ALL,SBT_PAYMENT BALANCES TO 0,0.0000,0.0000,0,-1,0,-1,PASS,PASS,PASS,2026-04-14T01:05:05.073Z,null,null,NEVER_FAILED,null,null,null,NEVER_FAILED,null
2026-04-01,2026-04-13,SBT,ALL,SBT_SPORTSBOOK BALANCES TO 0,0.0000,0.0000,0,-1,0,-1,PASS,PASS,PASS,2026-04-14T01:05:05.073Z,null,null,NEVER_FAILED,null,null,null,NEVER_FAILED,null
2026-04-01,2026-04-13,SBT,ALL,SBT_WALLET BALANCES TO 0,0.0000,0.0000,10000,-1,10000,-1,PASS,PASS,PASS,2026-04-14T01:05:05.073Z,null,null,NEVER_FAILED,null,null,null,NEVER_FAILED,null
2026-04-01,2026-04-13,SBT,CASH,CUSTOMER BALANCES CASH,0.0000,0.0000,20000,-1,100000,-1,PASS,PASS,PASS,2026-04-14T01:05:05.073Z,null,null,NEVER_FAILED,null,null,null,NEVER_FAILED,null
2026-04-01,2026-04-13,SBT,CASH,DEPOSIT CONTROL DEPOSIT CASH,0.0000,0.0000,20000,100000,-1,-1,PASS,PASS,PASS,2026-04-14T01:05:05.073Z,null,null,NEVER_FAILED,null,null,null,NEVER_FAILED,null
2026-04-01,2026-04-13,SBT,CASH,MANUAL CONTROL,0.0000,44.5900,20000,100000,100000,500000,PASS,PASS,PASS,2026-04-14T01:05:05.073Z,null,null,NEVER_FAILED,null,null,null,NEVER_FAILED,null
2026-04-01,2026-04-13,SBT,CASH,OPEN BETS CASH,856.9207,1237.4424,20000,100000,100000,500000,PASS,PASS,PASS,2026-04-14T01:05:05.073Z,null,null,NEVER_FAILED,null,null,null,NEVER_FAILED,null
2026-04-01,2026-04-13,SBT,CASH,SBT_BALANCE CUSTOMER BALANCES EXPECTED ROWCOUNT,0.0000,0.0000,0,-1,0,-1,PASS,PASS,PASS,2026-04-14T01:05:05.073Z,null,null,NEVER_FAILED,null,null,null,NEVER_FAILED,null
2026-04-01,2026-04-13,SBT,CASH,SPORTS CONTROL PAYOUT CASH,-325.2791,-328.2904,20000,100000,100000,500000,PASS,PASS,PASS,2026-04-14T01:05:05.073Z,null,null,NEVER_FAILED,null,null,null,NEVER_FAILED,null
2026-04-01,2026-04-13,SBT,CASH,SPORTS CONTROL PAYOUT REVERSAL CASH,0.0004,-970.4430,20000,100000,100000,500000,PASS,PASS,PASS,2026-04-14T01:05:05.073Z,null,null,NEVER_FAILED,null,null,null,NEVER_FAILED,null
2026-04-01,2026-04-13,SBT,CASH,SPORTS CONTROL PLACED STAKE CASH,1.0627,33.4106,20000,100000,100000,500000,PASS,PASS,PASS,2026-04-14T01:05:05.073Z,null,null,NEVER_FAILED,null,null,null,NEVER_FAILED,null
2026-04-01,2026-04-13,SBT,CASH,SPORTS CONTROL STAKE REFUND CASH,-0.0053,970.3004,20000,100000,100000,500000,PASS,PASS,PASS,2026-04-14T01:05:05.073Z,null,null,NEVER_FAILED,null,null,null,NEVER_FAILED,null
2026-04-01,2026-04-13,SBT,CASH,WITHDRAWAL CONTROL,0.0000,540.0000,20000,100000,100000,500000,PASS,PASS,PASS,2026-04-14T01:05:05.073Z,null,null,NEVER_FAILED,null,null,null,NEVER_FAILED,null
